# C++ name	package	module	Luce name	file:line	kind
(r30a: ComponentValue { GuaranteedInvalidValue }: the value form of the constructor.)	luce-browser-css	css_syntax	component_value_from_guaranteed_invalid_value	-	addition
(r30a: ComponentValue { block }: the value form of the constructor.)	luce-browser-css	css_syntax	component_value_from_simple_block	-	addition
(r30a: ComponentValue { function }: the value form of the constructor.)	luce-browser-css	css_syntax	component_value_from_function	-	addition
(r30a: ComponentValue { token }: the value form of the constructor.)	luce-browser-css	css_syntax	component_value_from_token	-	addition
(r30a: ErrorReporter::the().report(InvalidRuleLocationError {...}) through the hook.)	luce-browser-css	css_syntax	report_invalid_rule_location	-	addition
(r30a: MUST(String::formatted("@{}", name)) as a FlyString.)	luce-browser-css	css_syntax	at_rule_name_for_error	-	addition
(r30a: MUST(String::formatted(fmt, args...)) over ak type-erased parameters.)	luce-browser-css	css_syntax	string_formatted	-	addition
(r30a: Number { type, value }: the value form of the Number constructor.)	luce-browser-css	css_syntax	number_create	-	addition
(r30a: StringBuilder::append(String).)	luce-browser-css	css_syntax	string_builder_append_string	-	addition
(r30a: StringBuilder::appendff(fmt, args...) over ak type-erased parameters.)	luce-browser-css	css_syntax	string_builder_appendff	-	addition
(r30a: Token {}: the default-constructed token with empty strings.)	luce-browser-css	css_syntax	token_new	-	addition
(r30a: TokenStream stream { span }: the value form of the constructor.)	luce-browser-css	css_syntax	token_stream_create_span	-	addition
(r30a: TokenStream stream { vector }: the value form of the constructor.)	luce-browser-css	css_syntax	token_stream_create	-	addition
(r30a: TokenStream<T>'s requirements on T: is, to_string, to_debug_string, make_eof.)	luce-browser-css	css_syntax	TokenStreamToken	-	addition
(r30a: Vector<ComponentValue>::operator==.)	luce-browser-css	css_syntax	component_values_eq	-	addition
(r30a: the engine hook for ErrorReporter::the().report(InvalidRuleLocationError).)	luce-browser-css	css_syntax	invalid_rule_location_reporter	-	addition
AK/Debug.h CSS_TOKENIZER_DEBUG	luce-browser-css	css_syntax	css_tokenizer_debug	AK/Debug.h	variable
Variant<AtRule, QualifiedRule>	luce-browser-css	css_syntax	Rule	generated	variant
Variant<CrossOriginModifierValue, ReferrerPolicyModifierValue, FlyString>	luce-browser-css	css_data	CssRequestUrlModifierValue	generated	variant
Variant<Keyword, PropertyId, DescriptorMetadataValueType>	luce-browser-css	css_data	KeywordOrPropertyIdOrDescriptorMetadataValueType	generated	variant
Variant<Rule, VectorDeclaration>	luce-browser-css	css_syntax	RuleOrListOfDeclarations	generated	variant
Variant<Token, Function, SimpleBlock, GuaranteedInvalidValue>	luce-browser-css	css_syntax	TokenOrFunctionOrSimpleBlockOrGuaranteedInvalidValue	generated	variant
Web::CSS::AbsoluteSize	luce-browser-css	css_data	AbsoluteSize	Build/Libraries/LibWeb/CSS/Enums.h:8	enum
Web::CSS::AlignContent	luce-browser-css	css_data	AlignContent	Build/Libraries/LibWeb/CSS/Enums.h:22	enum
Web::CSS::AlignItems	luce-browser-css	css_data	AlignItems	Build/Libraries/LibWeb/CSS/Enums.h:38	enum
Web::CSS::AlignSelf	luce-browser-css	css_data	AlignSelf	Build/Libraries/LibWeb/CSS/Enums.h:56	enum
Web::CSS::AnchorSide	luce-browser-css	css_data	AnchorSide	Build/Libraries/LibWeb/CSS/Enums.h:75	enum
Web::CSS::AnchorSize	luce-browser-css	css_data	AnchorSize	Build/Libraries/LibWeb/CSS/Enums.h:92	enum
Web::CSS::AngleUnit	luce-browser-css	css_data	AngleUnit	Build/Libraries/LibWeb/CSS/Units.h:20	enum
Web::CSS::AnimationComposition	luce-browser-css	css_data	AnimationComposition	Build/Libraries/LibWeb/CSS/Enums.h:104	enum
Web::CSS::AnimationDirection	luce-browser-css	css_data	AnimationDirection	Build/Libraries/LibWeb/CSS/Enums.h:113	enum
Web::CSS::AnimationFillMode	luce-browser-css	css_data	AnimationFillMode	Build/Libraries/LibWeb/CSS/Enums.h:123	enum
Web::CSS::AnimationPlayState	luce-browser-css	css_data	AnimationPlayState	Build/Libraries/LibWeb/CSS/Enums.h:133	enum
Web::CSS::AnimationType	luce-browser-css	css_data	AnimationType	Build/Libraries/LibWeb/CSS/PropertyID.h:791	enum
Web::CSS::Appearance	luce-browser-css	css_data	Appearance	Build/Libraries/LibWeb/CSS/Enums.h:141	enum
Web::CSS::AtRuleID	luce-browser-css	css_data	AtRuleId	Build/Libraries/LibWeb/CSS/DescriptorID.h:11	enum
Web::CSS::Axis	luce-browser-css	css_data	Axis	Build/Libraries/LibWeb/CSS/Enums.h:163	enum
Web::CSS::BackgroundAttachment	luce-browser-css	css_data	BackgroundAttachment	Build/Libraries/LibWeb/CSS/Enums.h:173	enum
Web::CSS::BackgroundBox	luce-browser-css	css_data	BackgroundBox	Build/Libraries/LibWeb/CSS/Enums.h:182	enum
Web::CSS::BaselineMetric	luce-browser-css	css_data	BaselineMetric	Build/Libraries/LibWeb/CSS/Enums.h:192	enum
Web::CSS::BorderCollapse	luce-browser-css	css_data	BorderCollapse	Build/Libraries/LibWeb/CSS/Enums.h:206	enum
Web::CSS::BorderImageRepeat	luce-browser-css	css_data	BorderImageRepeat	Build/Libraries/LibWeb/CSS/Enums.h:214	enum
Web::CSS::BoxSizing	luce-browser-css	css_data	BoxSizing	Build/Libraries/LibWeb/CSS/Enums.h:224	enum
Web::CSS::CaptionSide	luce-browser-css	css_data	CaptionSide	Build/Libraries/LibWeb/CSS/Enums.h:232	enum
Web::CSS::Clear	luce-browser-css	css_data	Clear	Build/Libraries/LibWeb/CSS/Enums.h:240	enum
Web::CSS::ColorInterpolation	luce-browser-css	css_data	ColorInterpolation	Build/Libraries/LibWeb/CSS/Enums.h:252	enum
Web::CSS::ColumnSpan	luce-browser-css	css_data	ColumnSpan	Build/Libraries/LibWeb/CSS/Enums.h:261	enum
Web::CSS::CommonLigValue	luce-browser-css	css_data	CommonLigValue	Build/Libraries/LibWeb/CSS/Enums.h:269	enum
Web::CSS::CompositingOperator	luce-browser-css	css_data	CompositingOperator	Build/Libraries/LibWeb/CSS/Enums.h:277	enum
Web::CSS::Contain	luce-browser-css	css_data	Contain	Build/Libraries/LibWeb/CSS/Enums.h:287	enum
Web::CSS::ContentVisibility	luce-browser-css	css_data	ContentVisibility	Build/Libraries/LibWeb/CSS/Enums.h:301	enum
Web::CSS::ContextualAltValue	luce-browser-css	css_data	ContextualAltValue	Build/Libraries/LibWeb/CSS/Enums.h:310	enum
Web::CSS::CoordBox	luce-browser-css	css_data	CoordBox	Build/Libraries/LibWeb/CSS/Enums.h:318	enum
Web::CSS::CounterStyleNameKeyword	luce-browser-css	css_data	CounterStyleNameKeyword	Build/Libraries/LibWeb/CSS/Enums.h:330	enum
Web::CSS::CounterStyleSystem	luce-browser-css	css_data	CounterStyleSystem	Build/Libraries/LibWeb/CSS/Enums.h:524	enum
Web::CSS::CrossOriginModifierValue	luce-browser-css	css_data	CrossOriginModifierValue	Build/Libraries/LibWeb/CSS/Enums.h:535	enum
Web::CSS::CursorPredefined	luce-browser-css	css_data	CursorPredefined	Build/Libraries/LibWeb/CSS/Enums.h:543	enum
Web::CSS::DescriptorID	luce-browser-css	css_data	DescriptorId	Build/Libraries/LibWeb/CSS/DescriptorID.h:22	enum
Web::CSS::DescriptorMetadata	luce-browser-css	css_data	DescriptorMetadata	Build/Libraries/LibWeb/CSS/DescriptorID.h:70	struct
Web::CSS::DescriptorMetadata::ValueType	luce-browser-css	css_data	DescriptorMetadataValueType	Build/Libraries/LibWeb/CSS/DescriptorID.h:71	enum
Web::CSS::DimensionType	luce-browser-css	css_data	DimensionType	Build/Libraries/LibWeb/CSS/Units.h:8	enum
Web::CSS::Direction	luce-browser-css	css_data	Direction	Build/Libraries/LibWeb/CSS/Enums.h:585	enum
Web::CSS::DiscretionaryLigValue	luce-browser-css	css_data	DiscretionaryLigValue	Build/Libraries/LibWeb/CSS/Enums.h:593	enum
Web::CSS::DisplayBox	luce-browser-css	css_data	DisplayBox	Build/Libraries/LibWeb/CSS/Enums.h:601	enum
Web::CSS::DisplayInside	luce-browser-css	css_data	DisplayInside	Build/Libraries/LibWeb/CSS/Enums.h:609	enum
Web::CSS::DisplayInternal	luce-browser-css	css_data	DisplayInternal	Build/Libraries/LibWeb/CSS/Enums.h:622	enum
Web::CSS::DisplayLegacy	luce-browser-css	css_data	DisplayLegacy	Build/Libraries/LibWeb/CSS/Enums.h:640	enum
Web::CSS::DisplayOutside	luce-browser-css	css_data	DisplayOutside	Build/Libraries/LibWeb/CSS/Enums.h:650	enum
Web::CSS::EasingKeyword	luce-browser-css	css_data	EasingKeyword	Build/Libraries/LibWeb/CSS/Enums.h:659	enum
Web::CSS::EastAsianVariant	luce-browser-css	css_data	EastAsianVariant	Build/Libraries/LibWeb/CSS/Enums.h:670	enum
Web::CSS::EastAsianWidth	luce-browser-css	css_data	EastAsianWidth	Build/Libraries/LibWeb/CSS/Enums.h:682	enum
Web::CSS::EmptyCells	luce-browser-css	css_data	EmptyCells	Build/Libraries/LibWeb/CSS/Enums.h:690	enum
Web::CSS::EnvironmentVariable	luce-browser-css	css_data	EnvironmentVariable	Build/Libraries/LibWeb/CSS/EnvironmentVariable.h:10	enum
Web::CSS::FillRule	luce-browser-css	css_data	FillRule	Build/Libraries/LibWeb/CSS/Enums.h:698	enum
Web::CSS::FlexDirection	luce-browser-css	css_data	FlexDirection	Build/Libraries/LibWeb/CSS/Enums.h:706	enum
Web::CSS::FlexUnit	luce-browser-css	css_data	FlexUnit	Build/Libraries/LibWeb/CSS/Units.h:33	enum
Web::CSS::FlexWrap	luce-browser-css	css_data	FlexWrap	Build/Libraries/LibWeb/CSS/Enums.h:716	enum
Web::CSS::Float	luce-browser-css	css_data	Float	Build/Libraries/LibWeb/CSS/Enums.h:725	enum
Web::CSS::FontDisplay	luce-browser-css	css_data	FontDisplay	Build/Libraries/LibWeb/CSS/Enums.h:736	enum
Web::CSS::FontKerning	luce-browser-css	css_data	FontKerning	Build/Libraries/LibWeb/CSS/Enums.h:747	enum
Web::CSS::FontOpticalSizing	luce-browser-css	css_data	FontOpticalSizing	Build/Libraries/LibWeb/CSS/Enums.h:756	enum
Web::CSS::FontStyleKeyword	luce-browser-css	css_data	FontStyleKeyword	Build/Libraries/LibWeb/CSS/Enums.h:764	enum
Web::CSS::FontTech	luce-browser-css	css_data	FontTech	Build/Libraries/LibWeb/CSS/Enums.h:775	enum
Web::CSS::FontVariantCaps	luce-browser-css	css_data	FontVariantCaps	Build/Libraries/LibWeb/CSS/Enums.h:793	enum
Web::CSS::FontVariantEmoji	luce-browser-css	css_data	FontVariantEmoji	Build/Libraries/LibWeb/CSS/Enums.h:806	enum
Web::CSS::FontVariantPosition	luce-browser-css	css_data	FontVariantPosition	Build/Libraries/LibWeb/CSS/Enums.h:816	enum
Web::CSS::FontWidth	luce-browser-css	css_data	FontWidth	Build/Libraries/LibWeb/CSS/Enums.h:825	enum
Web::CSS::FrequencyUnit	luce-browser-css	css_data	FrequencyUnit	Build/Libraries/LibWeb/CSS/Units.h:43	enum
Web::CSS::GenericFontFamily	luce-browser-css	css_data	GenericFontFamily	Build/Libraries/LibWeb/CSS/Enums.h:840	enum
Web::CSS::HistoricalLigValue	luce-browser-css	css_data	HistoricalLigValue	Build/Libraries/LibWeb/CSS/Enums.h:856	enum
Web::CSS::HueInterpolationMethod	luce-browser-css	css_data	HueInterpolationMethod	Build/Libraries/LibWeb/CSS/Enums.h:864	enum
Web::CSS::ImageRendering	luce-browser-css	css_data	ImageRendering	Build/Libraries/LibWeb/CSS/Enums.h:874	enum
Web::CSS::Important	luce-browser-css	css_syntax	Important	Libraries/LibWeb/CSS/StyleProperty.h:14	enum
Web::CSS::Isolation	luce-browser-css	css_data	Isolation	Build/Libraries/LibWeb/CSS/Enums.h:885	enum
Web::CSS::JustifyContent	luce-browser-css	css_data	JustifyContent	Build/Libraries/LibWeb/CSS/Enums.h:893	enum
Web::CSS::JustifyItems	luce-browser-css	css_data	JustifyItems	Build/Libraries/LibWeb/CSS/Enums.h:911	enum
Web::CSS::JustifySelf	luce-browser-css	css_data	JustifySelf	Build/Libraries/LibWeb/CSS/Enums.h:932	enum
Web::CSS::Keyword	luce-browser-css	css_data	Keyword	Build/Libraries/LibWeb/CSS/Keyword.h:10	enum
Web::CSS::LengthUnit	luce-browser-css	css_data	LengthUnit	Build/Libraries/LibWeb/CSS/Units.h:54	enum
Web::CSS::LineStyle	luce-browser-css	css_data	LineStyle	Build/Libraries/LibWeb/CSS/Enums.h:953	enum
Web::CSS::LineWidth	luce-browser-css	css_data	LineWidth	Build/Libraries/LibWeb/CSS/Enums.h:969	enum
Web::CSS::ListStylePosition	luce-browser-css	css_data	ListStylePosition	Build/Libraries/LibWeb/CSS/Enums.h:978	enum
Web::CSS::LogicalAliasMappingContext	luce-browser-css	css_data	LogicalAliasMappingContext	Build/Libraries/LibWeb/CSS/PropertyID.h:870	struct
Web::CSS::LogicalPropertyGroup	luce-browser-css	css_data	LogicalPropertyGroup	Build/Libraries/LibWeb/CSS/PropertyID.h:879	enum
Web::CSS::MaskType	luce-browser-css	css_data	MaskType	Build/Libraries/LibWeb/CSS/Enums.h:986	enum
Web::CSS::MaskingMode	luce-browser-css	css_data	MaskingMode	Build/Libraries/LibWeb/CSS/Enums.h:994	enum
Web::CSS::MathFunction	luce-browser-css	css_data	MathFunction	Build/Libraries/LibWeb/CSS/MathFunctions.h:11	enum
Web::CSS::MathShift	luce-browser-css	css_data	MathShift	Build/Libraries/LibWeb/CSS/Enums.h:1003	enum
Web::CSS::MathStyle	luce-browser-css	css_data	MathStyle	Build/Libraries/LibWeb/CSS/Enums.h:1011	enum
Web::CSS::MediaFeatureID	luce-browser-css	css_data	MediaFeatureId	Build/Libraries/LibWeb/CSS/MediaFeatureID.h:17	enum
Web::CSS::MediaFeatureValueType	luce-browser-css	css_data	MediaFeatureValueType	Build/Libraries/LibWeb/CSS/MediaFeatureID.h:9	enum
Web::CSS::MixBlendMode	luce-browser-css	css_data	MixBlendMode	Build/Libraries/LibWeb/CSS/Enums.h:1019	enum
Web::CSS::Number	luce-browser-css	css_syntax	Number	Libraries/LibWeb/CSS/Number.h:19	struct
Web::CSS::Number::Number	luce-browser-css	css_syntax	number_construct	Libraries/LibWeb/CSS/Number.h:27	construct
Web::CSS::Number::Number	luce-browser-css	css_syntax	number_construct_number_type	Libraries/LibWeb/CSS/Number.h:32	construct
Web::CSS::Number::Type	luce-browser-css	css_syntax	NumberType	Libraries/LibWeb/CSS/Number.h:21	enum
Web::CSS::Number::integer_value	luce-browser-css	css_syntax	number_integer_value	Libraries/LibWeb/CSS/Number.h:40	ported
Web::CSS::Number::is_integer	luce-browser-css	css_syntax	number_is_integer	Libraries/LibWeb/CSS/Number.h:49	ported
Web::CSS::Number::is_integer_with_explicit_sign	luce-browser-css	css_syntax	number_is_integer_with_explicit_sign	Libraries/LibWeb/CSS/Number.h:50	ported
Web::CSS::Number::operator*	luce-browser-css	css_syntax	number_mul	Libraries/LibWeb/CSS/Number.h:66	ported
Web::CSS::Number::operator+	luce-browser-css	css_syntax	number_add	Libraries/LibWeb/CSS/Number.h:52	ported
Web::CSS::Number::operator-	luce-browser-css	css_syntax	number_sub	Libraries/LibWeb/CSS/Number.h:59	ported
Web::CSS::Number::operator/	luce-browser-css	css_syntax	number_div	Libraries/LibWeb/CSS/Number.h:73	ported
Web::CSS::Number::operator<=>	luce-browser-css	css_syntax	number_cmp	Libraries/LibWeb/CSS/Number.h:86	ported
Web::CSS::Number::operator==	luce-browser-css	css_syntax	number_eq	Libraries/LibWeb/CSS/Number.h:81	ported
Web::CSS::Number::serialize	luce-browser-css	css_syntax	number_serialize	Libraries/LibWeb/CSS/Number.cpp:31	ported
Web::CSS::Number::to_string	luce-browser-css	css_syntax	number_to_string	Libraries/LibWeb/CSS/Number.cpp:52	ported
Web::CSS::Number::type	luce-browser-css	css_syntax	number_type	Libraries/LibWeb/CSS/Number.h:38	ported
Web::CSS::Number::value	luce-browser-css	css_syntax	number_value	Libraries/LibWeb/CSS/Number.h:39	ported
Web::CSS::NumericFigureValue	luce-browser-css	css_data	NumericFigureValue	Build/Libraries/LibWeb/CSS/Enums.h:1043	enum
Web::CSS::NumericFractionValue	luce-browser-css	css_data	NumericFractionValue	Build/Libraries/LibWeb/CSS/Enums.h:1051	enum
Web::CSS::NumericSpacingValue	luce-browser-css	css_data	NumericSpacingValue	Build/Libraries/LibWeb/CSS/Enums.h:1059	enum
Web::CSS::ObjectFit	luce-browser-css	css_data	ObjectFit	Build/Libraries/LibWeb/CSS/Enums.h:1067	enum
Web::CSS::OutlineStyle	luce-browser-css	css_data	OutlineStyle	Build/Libraries/LibWeb/CSS/Enums.h:1078	enum
Web::CSS::Overflow	luce-browser-css	css_data	Overflow	Build/Libraries/LibWeb/CSS/Enums.h:1094	enum
Web::CSS::PageSize	luce-browser-css	css_data	PageSize	Build/Libraries/LibWeb/CSS/Enums.h:1105	enum
Web::CSS::PaintOrder	luce-browser-css	css_data	PaintOrder	Build/Libraries/LibWeb/CSS/Enums.h:1121	enum
Web::CSS::Parser::AtRule	luce-browser-css	css_syntax	AtRule	Libraries/LibWeb/CSS/Parser/Types.h:31	struct
Web::CSS::Parser::AtRule::for_each	luce-browser-css	css_syntax	at_rule_for_each	Libraries/LibWeb/CSS/Parser/Types.cpp:61	ported
Web::CSS::Parser::AtRule::for_each_as_* [lambda captures [this]]	luce-browser-css	css_syntax	AtRuleForEachReportCaptures	Libraries/LibWeb/CSS/Parser/Types.cpp:82	helper
Web::CSS::Parser::AtRule::for_each_as_* [lambda reporting a declaration list]	luce-browser-css	css_syntax	at_rule_for_each_report_declaration	Libraries/LibWeb/CSS/Parser/Types.cpp:112	helper
Web::CSS::Parser::AtRule::for_each_as_* [lambda reporting a qualified rule]	luce-browser-css	css_syntax	at_rule_for_each_report_qualified_rule	Libraries/LibWeb/CSS/Parser/Types.cpp:88	helper
Web::CSS::Parser::AtRule::for_each_as_* [lambda reporting an at-rule]	luce-browser-css	css_syntax	at_rule_for_each_report_at_rule	Libraries/LibWeb/CSS/Parser/Types.cpp:82	helper
Web::CSS::Parser::AtRule::for_each_as_at_rule_list	luce-browser-css	css_syntax	at_rule_for_each_as_at_rule_list	Libraries/LibWeb/CSS/Parser/Types.cpp:118	ported
Web::CSS::Parser::AtRule::for_each_as_declaration_list	luce-browser-css	css_syntax	at_rule_for_each_as_declaration_list	Libraries/LibWeb/CSS/Parser/Types.cpp:78	ported
Web::CSS::Parser::AtRule::for_each_as_declaration_rule_list	luce-browser-css	css_syntax	at_rule_for_each_as_declaration_rule_list	Libraries/LibWeb/CSS/Parser/Types.cpp:138	ported
Web::CSS::Parser::AtRule::for_each_as_qualified_rule_list	luce-browser-css	css_syntax	at_rule_for_each_as_qualified_rule_list	Libraries/LibWeb/CSS/Parser/Types.cpp:98	ported
Web::CSS::Parser::AtRule::for_each_as_rule_list	luce-browser-css	css_syntax	at_rule_for_each_as_rule_list	Libraries/LibWeb/CSS/Parser/Types.cpp:153	ported
Web::CSS::Parser::ComponentValue	luce-browser-css	css_syntax	ComponentValue	Libraries/LibWeb/CSS/Parser/ComponentValue.h:20	struct
Web::CSS::Parser::ComponentValue::ComponentValue	luce-browser-css	css_syntax	component_value_construct_function	Libraries/LibWeb/CSS/Parser/ComponentValue.cpp:16	construct
Web::CSS::Parser::ComponentValue::ComponentValue	luce-browser-css	css_syntax	component_value_construct_guaranteed_invalid_value	Libraries/LibWeb/CSS/Parser/ComponentValue.cpp:24	construct
Web::CSS::Parser::ComponentValue::ComponentValue	luce-browser-css	css_syntax	component_value_construct_simple_block	Libraries/LibWeb/CSS/Parser/ComponentValue.cpp:20	construct
Web::CSS::Parser::ComponentValue::ComponentValue	luce-browser-css	css_syntax	component_value_construct_token	Libraries/LibWeb/CSS/Parser/ComponentValue.cpp:12	construct
Web::CSS::Parser::ComponentValue::block	luce-browser-css	css_syntax	component_value_block	Libraries/LibWeb/CSS/Parser/ComponentValue.h:32	ported
Web::CSS::Parser::ComponentValue::contains_attr_tainted_value	luce-browser-css	css_syntax	component_value_contains_attr_tainted_value	Libraries/LibWeb/CSS/Parser/ComponentValue.cpp:109	ported
Web::CSS::Parser::ComponentValue::contains_guaranteed_invalid_value	luce-browser-css	css_syntax	component_value_contains_guaranteed_invalid_value	Libraries/LibWeb/CSS/Parser/ComponentValue.cpp:88	ported
Web::CSS::Parser::ComponentValue::function	luce-browser-css	css_syntax	component_value_function	Libraries/LibWeb/CSS/Parser/ComponentValue.h:36	ported
Web::CSS::Parser::ComponentValue::is	luce-browser-css	css_syntax	component_value_is	Libraries/LibWeb/CSS/Parser/ComponentValue.h:39	ported
Web::CSS::Parser::ComponentValue::is_block	luce-browser-css	css_syntax	component_value_is_block	Libraries/LibWeb/CSS/Parser/ComponentValue.h:31	ported
Web::CSS::Parser::ComponentValue::is_delim	luce-browser-css	css_syntax	component_value_is_delim	Libraries/LibWeb/CSS/Parser/ComponentValue.cpp:36	ported
Web::CSS::Parser::ComponentValue::is_function	luce-browser-css	css_syntax	component_value_is_function	Libraries/LibWeb/CSS/Parser/ComponentValue.h:34	ported
Web::CSS::Parser::ComponentValue::is_function	luce-browser-css	css_syntax	component_value_is_function_string_view	Libraries/LibWeb/CSS/Parser/ComponentValue.cpp:31	ported
Web::CSS::Parser::ComponentValue::is_guaranteed_invalid	luce-browser-css	css_syntax	component_value_is_guaranteed_invalid	Libraries/LibWeb/CSS/Parser/ComponentValue.h:45	ported
Web::CSS::Parser::ComponentValue::is_ident	luce-browser-css	css_syntax	component_value_is_ident	Libraries/LibWeb/CSS/Parser/ComponentValue.cpp:56	ported
Web::CSS::Parser::ComponentValue::is_token	luce-browser-css	css_syntax	component_value_is_token	Libraries/LibWeb/CSS/Parser/ComponentValue.h:38	ported
Web::CSS::Parser::ComponentValue::operator Token	luce-browser-css	css_syntax	component_value_to_token	Libraries/LibWeb/CSS/Parser/ComponentValue.h:43	ported
Web::CSS::Parser::ComponentValue::operator==	luce-browser-css	css_syntax	component_value_eq	Libraries/LibWeb/CSS/Parser/ComponentValue.h:54	ported
Web::CSS::Parser::ComponentValue::original_source_text	luce-browser-css	css_syntax	component_value_original_source_text	Libraries/LibWeb/CSS/Parser/ComponentValue.cpp:83	ported
Web::CSS::Parser::ComponentValue::set_attr_tainted	luce-browser-css	css_syntax	component_value_set_attr_tainted	Libraries/LibWeb/CSS/Parser/ComponentValue.h:48	ported
Web::CSS::Parser::ComponentValue::to_debug_string	luce-browser-css	css_syntax	component_value_to_debug_string	Libraries/LibWeb/CSS/Parser/ComponentValue.cpp:66	ported
Web::CSS::Parser::ComponentValue::to_string	luce-browser-css	css_syntax	component_value_to_string	Libraries/LibWeb/CSS/Parser/ComponentValue.cpp:61	ported
Web::CSS::Parser::ComponentValue::token	luce-browser-css	css_syntax	component_value_token	Libraries/LibWeb/CSS/Parser/ComponentValue.h:42	ported
Web::CSS::Parser::Declaration	luce-browser-css	css_syntax	Declaration	Libraries/LibWeb/CSS/Parser/Types.h:55	struct
Web::CSS::Parser::Function	luce-browser-css	css_syntax	Function	Libraries/LibWeb/CSS/Parser/Types.h:90	struct
Web::CSS::Parser::Function::operator==	luce-browser-css	css_syntax	function_eq	Libraries/LibWeb/CSS/Parser/Types.h:99	ported
Web::CSS::Parser::Function::original_source_text	luce-browser-css	css_syntax	function_original_source_text	Libraries/LibWeb/CSS/Parser/Types.cpp:50	ported
Web::CSS::Parser::Function::to_string	luce-browser-css	css_syntax	function_to_string	Libraries/LibWeb/CSS/Parser/Types.cpp:37	ported
Web::CSS::Parser::GuaranteedInvalidValue	luce-browser-css	css_syntax	GuaranteedInvalidValue	Libraries/LibWeb/CSS/Parser/Types.h:103	struct
Web::CSS::Parser::GuaranteedInvalidValue::original_source_text	luce-browser-css	css_syntax	guaranteed_invalid_value_original_source_text	Libraries/LibWeb/CSS/Parser/Types.h:106	ported
Web::CSS::Parser::GuaranteedInvalidValue::to_string	luce-browser-css	css_syntax	guaranteed_invalid_value_to_string	Libraries/LibWeb/CSS/Parser/Types.h:105	ported
Web::CSS::Parser::QualifiedRule	luce-browser-css	css_syntax	QualifiedRule	Libraries/LibWeb/CSS/Parser/Types.h:46	struct
Web::CSS::Parser::QualifiedRule::for_each_as_declaration_list	luce-browser-css	css_syntax	qualified_rule_for_each_as_declaration_list	Libraries/LibWeb/CSS/Parser/Types.cpp:169	ported
Web::CSS::Parser::REPLACEMENT_CHARACTER	luce-browser-css	css_syntax	replacement_character	Libraries/LibWeb/CSS/Parser/Tokenizer.cpp:20	variable
Web::CSS::Parser::SimpleBlock	luce-browser-css	css_syntax	SimpleBlock	Libraries/LibWeb/CSS/Parser/Types.h:74	struct
Web::CSS::Parser::SimpleBlock::is_curly	luce-browser-css	css_syntax	simple_block_is_curly	Libraries/LibWeb/CSS/Parser/Types.h:79	ported
Web::CSS::Parser::SimpleBlock::is_paren	luce-browser-css	css_syntax	simple_block_is_paren	Libraries/LibWeb/CSS/Parser/Types.h:80	ported
Web::CSS::Parser::SimpleBlock::is_square	luce-browser-css	css_syntax	simple_block_is_square	Libraries/LibWeb/CSS/Parser/Types.h:81	ported
Web::CSS::Parser::SimpleBlock::operator==	luce-browser-css	css_syntax	simple_block_eq	Libraries/LibWeb/CSS/Parser/Types.h:86	ported
Web::CSS::Parser::SimpleBlock::original_source_text	luce-browser-css	css_syntax	simple_block_original_source_text	Libraries/LibWeb/CSS/Parser/Types.cpp:26	ported
Web::CSS::Parser::SimpleBlock::to_string	luce-browser-css	css_syntax	simple_block_to_string	Libraries/LibWeb/CSS/Parser/Types.cpp:15	ported
Web::CSS::Parser::SubstitutionFunctionsPresence	luce-browser-css	css_syntax	SubstitutionFunctionsPresence	Libraries/LibWeb/CSS/Parser/Types.h:63	struct
Web::CSS::Parser::SubstitutionFunctionsPresence::has_any	luce-browser-css	css_syntax	substitution_functions_presence_has_any	Libraries/LibWeb/CSS/Parser/Types.h:70	ported
Web::CSS::Parser::TOKENIZER_EOF	luce-browser-css	css_syntax	tokenizer_eof	Libraries/LibWeb/CSS/Parser/Tokenizer.cpp:21	variable
Web::CSS::Parser::Token	luce-browser-css	css_syntax	Token	Libraries/LibWeb/CSS/Parser/Token.h:28	struct
Web::CSS::Parser::Token [default member initializers]	luce-browser-css	css_syntax	token_init_fields	Libraries/LibWeb/CSS/Parser/Token.h:28	init fields
Web::CSS::Parser::Token::HashType	luce-browser-css	css_syntax	TokenHashType	Libraries/LibWeb/CSS/Parser/Token.h:59	enum
Web::CSS::Parser::Token::Position	luce-browser-css	css_syntax	TokenPosition	Libraries/LibWeb/CSS/Parser/Token.h:64	struct
Web::CSS::Parser::Token::Type	luce-browser-css	css_syntax	TokenType	Libraries/LibWeb/CSS/Parser/Token.h:30	enum
Web::CSS::Parser::Token::at_keyword	luce-browser-css	css_syntax	token_at_keyword	Libraries/LibWeb/CSS/Parser/Token.h:121	ported
Web::CSS::Parser::Token::bracket_mirror_string	luce-browser-css	css_syntax	token_bracket_mirror_string	Libraries/LibWeb/CSS/Parser/Token.cpp:392	ported
Web::CSS::Parser::Token::bracket_string	luce-browser-css	css_syntax	token_bracket_string	Libraries/LibWeb/CSS/Parser/Token.cpp:363	ported
Web::CSS::Parser::Token::create	luce-browser-css	css_syntax	token_create	Libraries/LibWeb/CSS/Parser/Token.cpp:14	ported
Web::CSS::Parser::Token::create_at_keyword	luce-browser-css	css_syntax	token_create_at_keyword	Libraries/LibWeb/CSS/Parser/Token.cpp:57	ported
Web::CSS::Parser::Token::create_delim	luce-browser-css	css_syntax	token_create_delim	Libraries/LibWeb/CSS/Parser/Token.cpp:94	ported
Web::CSS::Parser::Token::create_dimension	luce-browser-css	css_syntax	token_create_dimension_f64	Libraries/LibWeb/CSS/Parser/Token.h:82	ported
Web::CSS::Parser::Token::create_dimension	luce-browser-css	css_syntax	token_create_dimension_number	Libraries/LibWeb/CSS/Parser/Token.cpp:121	ported
Web::CSS::Parser::Token::create_function	luce-browser-css	css_syntax	token_create_function	Libraries/LibWeb/CSS/Parser/Token.cpp:48	ported
Web::CSS::Parser::Token::create_hash	luce-browser-css	css_syntax	token_create_hash	Libraries/LibWeb/CSS/Parser/Token.cpp:66	ported
Web::CSS::Parser::Token::create_ident	luce-browser-css	css_syntax	token_create_ident	Libraries/LibWeb/CSS/Parser/Token.cpp:39	ported
Web::CSS::Parser::Token::create_number	luce-browser-css	css_syntax	token_create_number	Libraries/LibWeb/CSS/Parser/Token.cpp:103	ported
Web::CSS::Parser::Token::create_percentage	luce-browser-css	css_syntax	token_create_percentage	Libraries/LibWeb/CSS/Parser/Token.cpp:112	ported
Web::CSS::Parser::Token::create_string	luce-browser-css	css_syntax	token_create_string	Libraries/LibWeb/CSS/Parser/Token.cpp:76	ported
Web::CSS::Parser::Token::create_url	luce-browser-css	css_syntax	token_create_url	Libraries/LibWeb/CSS/Parser/Token.cpp:85	ported
Web::CSS::Parser::Token::create_whitespace	luce-browser-css	css_syntax	token_create_whitespace	Libraries/LibWeb/CSS/Parser/Token.cpp:131	ported
Web::CSS::Parser::Token::delim	luce-browser-css	css_syntax	token_delim	Libraries/LibWeb/CSS/Parser/Token.h:103	ported
Web::CSS::Parser::Token::dimension_unit	luce-browser-css	css_syntax	token_dimension_unit	Libraries/LibWeb/CSS/Parser/Token.h:161	ported
Web::CSS::Parser::Token::dimension_value	luce-browser-css	css_syntax	token_dimension_value	Libraries/LibWeb/CSS/Parser/Token.h:166	ported
Web::CSS::Parser::Token::dimension_value_int	luce-browser-css	css_syntax	token_dimension_value_int	Libraries/LibWeb/CSS/Parser/Token.h:171	ported
Web::CSS::Parser::Token::end_position	luce-browser-css	css_syntax	token_end_position	Libraries/LibWeb/CSS/Parser/Token.h:188	ported
Web::CSS::Parser::Token::function	luce-browser-css	css_syntax	token_function	Libraries/LibWeb/CSS/Parser/Token.h:97	ported
Web::CSS::Parser::Token::hash_type	luce-browser-css	css_syntax	token_hash_type	Libraries/LibWeb/CSS/Parser/Token.h:127	ported
Web::CSS::Parser::Token::hash_value	luce-browser-css	css_syntax	token_hash_value	Libraries/LibWeb/CSS/Parser/Token.h:132	ported
Web::CSS::Parser::Token::ident	luce-browser-css	css_syntax	token_ident	Libraries/LibWeb/CSS/Parser/Token.h:91	ported
Web::CSS::Parser::Token::is	luce-browser-css	css_syntax	token_is	Libraries/LibWeb/CSS/Parser/Token.h:89	ported
Web::CSS::Parser::Token::is_integer	luce-browser-css	css_syntax	token_is_integer	Libraries/LibWeb/CSS/Parser/Token.h:138	ported
Web::CSS::Parser::Token::is_integer_with_explicit_sign	luce-browser-css	css_syntax	token_is_integer_with_explicit_sign	Libraries/LibWeb/CSS/Parser/Token.h:144	ported
Web::CSS::Parser::Token::mirror_variant	luce-browser-css	css_syntax	token_mirror_variant	Libraries/LibWeb/CSS/Parser/Token.cpp:346	ported
Web::CSS::Parser::Token::number_value	luce-browser-css	css_syntax	token_number_value	Libraries/LibWeb/CSS/Parser/Token.h:150	ported
Web::CSS::Parser::Token::operator==	luce-browser-css	css_syntax	token_eq	Libraries/LibWeb/CSS/Parser/Token.h:191	ported
Web::CSS::Parser::Token::original_source_text	luce-browser-css	css_syntax	token_original_source_text	Libraries/LibWeb/CSS/Parser/Token.h:186	ported
Web::CSS::Parser::Token::percentage	luce-browser-css	css_syntax	token_percentage	Libraries/LibWeb/CSS/Parser/Token.h:173	ported
Web::CSS::Parser::Token::set_position_range	luce-browser-css	css_syntax	token_set_position_range	Libraries/LibWeb/CSS/Parser/Token.cpp:421	ported
Web::CSS::Parser::Token::start_position	luce-browser-css	css_syntax	token_start_position	Libraries/LibWeb/CSS/Parser/Token.h:187	ported
Web::CSS::Parser::Token::string	luce-browser-css	css_syntax	token_string	Libraries/LibWeb/CSS/Parser/Token.h:109	ported
Web::CSS::Parser::Token::to_debug_string	luce-browser-css	css_syntax	token_to_debug_string	Libraries/LibWeb/CSS/Parser/Token.cpp:207	ported
Web::CSS::Parser::Token::to_debug_string [lambda append_quoted_string]	luce-browser-css	css_syntax	token_to_debug_string_append_quoted_string	Libraries/LibWeb/CSS/Parser/Token.cpp:209	helper
Web::CSS::Parser::Token::to_debug_string [lambda hash_type_name]	luce-browser-css	css_syntax	token_to_debug_string_hash_type_name	Libraries/LibWeb/CSS/Parser/Token.cpp:215	helper
Web::CSS::Parser::Token::to_debug_string [lambda number_type_name]	luce-browser-css	css_syntax	token_to_debug_string_number_type_name	Libraries/LibWeb/CSS/Parser/Token.cpp:225	helper
Web::CSS::Parser::Token::to_integer	luce-browser-css	css_syntax	token_to_integer	Libraries/LibWeb/CSS/Parser/Token.h:155	ported
Web::CSS::Parser::Token::to_string	luce-browser-css	css_syntax	token_to_string	Libraries/LibWeb/CSS/Parser/Token.cpp:139	ported
Web::CSS::Parser::Token::type	luce-browser-css	css_syntax	token_type	Libraries/LibWeb/CSS/Parser/Token.h:88	ported
Web::CSS::Parser::Token::url	luce-browser-css	css_syntax	token_url	Libraries/LibWeb/CSS/Parser/Token.h:115	ported
Web::CSS::Parser::TokenStream	luce-browser-css	css_syntax	TokenStream	Libraries/LibWeb/CSS/Parser/TokenStream.h:19	generic struct
Web::CSS::Parser::TokenStream::StateTransaction	luce-browser-css	css_syntax	StateTransaction	Libraries/LibWeb/CSS/Parser/TokenStream.h:21	struct
Web::CSS::Parser::TokenStream::StateTransaction::StateTransaction	luce-browser-css	css_syntax	state_transaction_construct	Libraries/LibWeb/CSS/Parser/TokenStream.h:24	construct
Web::CSS::Parser::TokenStream::StateTransaction::StateTransaction	luce-browser-css	css_syntax	state_transaction_construct_state_transaction	Libraries/LibWeb/CSS/Parser/TokenStream.h:46	construct
Web::CSS::Parser::TokenStream::StateTransaction::commit	luce-browser-css	css_syntax	state_transaction_commit	Libraries/LibWeb/CSS/Parser/TokenStream.h:38	ported
Web::CSS::Parser::TokenStream::StateTransaction::create_child	luce-browser-css	css_syntax	state_transaction_create_child	Libraries/LibWeb/CSS/Parser/TokenStream.h:36	ported
Web::CSS::Parser::TokenStream::StateTransaction::~StateTransaction	luce-browser-css	css_syntax	state_transaction_destroy	Libraries/LibWeb/CSS/Parser/TokenStream.h:30	destructor
Web::CSS::Parser::TokenStream::TokenStream<T>	luce-browser-css	css_syntax	token_stream_construct_span_t	Libraries/LibWeb/CSS/Parser/TokenStream.h:58	construct
Web::CSS::Parser::TokenStream::TokenStream<T>	luce-browser-css	css_syntax	token_stream_construct_vector	Libraries/LibWeb/CSS/Parser/TokenStream.h:64	construct
Web::CSS::Parser::TokenStream::begin_transaction	luce-browser-css	css_syntax	token_stream_begin_transaction	Libraries/LibWeb/CSS/Parser/TokenStream.h:154	ported
Web::CSS::Parser::TokenStream::consume_a_token	luce-browser-css	css_syntax	token_stream_consume_a_token	Libraries/LibWeb/CSS/Parser/TokenStream.h:104	ported
Web::CSS::Parser::TokenStream::current_index	luce-browser-css	css_syntax	token_stream_current_index	Libraries/LibWeb/CSS/Parser/TokenStream.h:163	ported
Web::CSS::Parser::TokenStream::discard_a_mark	luce-browser-css	css_syntax	token_stream_discard_a_mark	Libraries/LibWeb/CSS/Parser/TokenStream.h:135	ported
Web::CSS::Parser::TokenStream::discard_a_token	luce-browser-css	css_syntax	token_stream_discard_a_token	Libraries/LibWeb/CSS/Parser/TokenStream.h:113	ported
Web::CSS::Parser::TokenStream::discard_whitespace	luce-browser-css	css_syntax	token_stream_discard_whitespace	Libraries/LibWeb/CSS/Parser/TokenStream.h:142	ported
Web::CSS::Parser::TokenStream::dump_all_tokens	luce-browser-css	css_syntax	token_stream_dump_all_tokens	Libraries/LibWeb/CSS/Parser/TokenStream.h:172	ported
Web::CSS::Parser::TokenStream::dump_string	luce-browser-css	css_syntax	token_stream_dump_string	Libraries/LibWeb/CSS/Parser/TokenStream.h:184	ported
Web::CSS::Parser::TokenStream::has_next_token	luce-browser-css	css_syntax	token_stream_has_next_token	Libraries/LibWeb/CSS/Parser/TokenStream.h:149	ported
Web::CSS::Parser::TokenStream::is_empty	luce-browser-css	css_syntax	token_stream_is_empty	Libraries/LibWeb/CSS/Parser/TokenStream.h:97	ported
Web::CSS::Parser::TokenStream::make_eof	luce-browser-css	css_syntax	token_stream_make_eof	Libraries/LibWeb/CSS/Parser/TokenStream.h:199	ported
Web::CSS::Parser::TokenStream::mark	luce-browser-css	css_syntax	token_stream_mark	Libraries/LibWeb/CSS/Parser/TokenStream.h:121	ported
Web::CSS::Parser::TokenStream::next_token	luce-browser-css	css_syntax	token_stream_next_token	Libraries/LibWeb/CSS/Parser/TokenStream.h:79	ported
Web::CSS::Parser::TokenStream::of_single_token	luce-browser-css	css_syntax	token_stream_of_single_token	Libraries/LibWeb/CSS/Parser/TokenStream.h:70	ported
Web::CSS::Parser::TokenStream::peek_token	luce-browser-css	css_syntax	token_stream_peek_token	Libraries/LibWeb/CSS/Parser/TokenStream.h:89	ported
Web::CSS::Parser::TokenStream::remaining_token_count	luce-browser-css	css_syntax	token_stream_remaining_token_count	Libraries/LibWeb/CSS/Parser/TokenStream.h:156	ported
Web::CSS::Parser::TokenStream::restore_a_mark	luce-browser-css	css_syntax	token_stream_restore_a_mark	Libraries/LibWeb/CSS/Parser/TokenStream.h:128	ported
Web::CSS::Parser::TokenStream::tokens_since	luce-browser-css	css_syntax	token_stream_tokens_since	Libraries/LibWeb/CSS/Parser/TokenStream.h:165	ported
Web::CSS::Parser::Tokenizer	luce-browser-css	css_syntax	Tokenizer	Libraries/LibWeb/CSS/Parser/Tokenizer.h:61	struct
Web::CSS::Parser::Tokenizer::Tokenizer	luce-browser-css	css_syntax	tokenizer_construct	Libraries/LibWeb/CSS/Parser/Tokenizer.cpp:221	construct
Web::CSS::Parser::Tokenizer::consume_a_number	luce-browser-css	css_syntax	tokenizer_consume_a_number	Libraries/LibWeb/CSS/Parser/Tokenizer.cpp:429	ported
Web::CSS::Parser::Tokenizer::consume_a_numeric_token	luce-browser-css	css_syntax	tokenizer_consume_a_numeric_token	Libraries/LibWeb/CSS/Parser/Tokenizer.cpp:717	ported
Web::CSS::Parser::Tokenizer::consume_a_token	luce-browser-css	css_syntax	tokenizer_consume_a_token	Libraries/LibWeb/CSS/Parser/Tokenizer.cpp:965	ported
Web::CSS::Parser::Tokenizer::consume_a_url_token	luce-browser-css	css_syntax	tokenizer_consume_a_url_token	Libraries/LibWeb/CSS/Parser/Tokenizer.cpp:579	ported
Web::CSS::Parser::Tokenizer::consume_an_ident_like_token	luce-browser-css	css_syntax	tokenizer_consume_an_ident_like_token	Libraries/LibWeb/CSS/Parser/Tokenizer.cpp:380	ported
Web::CSS::Parser::Tokenizer::consume_an_ident_sequence	luce-browser-css	css_syntax	tokenizer_consume_an_ident_sequence	Libraries/LibWeb/CSS/Parser/Tokenizer.cpp:534	ported
Web::CSS::Parser::Tokenizer::consume_as_much_whitespace_as_possible	luce-browser-css	css_syntax	tokenizer_consume_as_much_whitespace_as_possible	Libraries/LibWeb/CSS/Parser/Tokenizer.cpp:703	ported
Web::CSS::Parser::Tokenizer::consume_comments	luce-browser-css	css_syntax	tokenizer_consume_comments	Libraries/LibWeb/CSS/Parser/Tokenizer.cpp:927	ported
Web::CSS::Parser::Tokenizer::consume_escaped_code_point	luce-browser-css	css_syntax	tokenizer_consume_escaped_code_point	Libraries/LibWeb/CSS/Parser/Tokenizer.cpp:328	ported
Web::CSS::Parser::Tokenizer::consume_string_token	luce-browser-css	css_syntax	tokenizer_consume_string_token	Libraries/LibWeb/CSS/Parser/Tokenizer.cpp:864	ported
Web::CSS::Parser::Tokenizer::consume_the_remnants_of_a_bad_url	luce-browser-css	css_syntax	tokenizer_consume_the_remnants_of_a_bad_url	Libraries/LibWeb/CSS/Parser/Tokenizer.cpp:672	ported
Web::CSS::Parser::Tokenizer::convert_a_string_to_a_number	luce-browser-css	css_syntax	tokenizer_convert_a_string_to_a_number	Libraries/LibWeb/CSS/Parser/Tokenizer.cpp:526	ported
Web::CSS::Parser::Tokenizer::create_eof_token	luce-browser-css	css_syntax	tokenizer_create_eof_token	Libraries/LibWeb/CSS/Parser/Tokenizer.cpp:322	ported
Web::CSS::Parser::Tokenizer::current_byte_offset	luce-browser-css	css_syntax	tokenizer_current_byte_offset	Libraries/LibWeb/CSS/Parser/Tokenizer.cpp:1232	ported
Web::CSS::Parser::Tokenizer::input_since	luce-browser-css	css_syntax	tokenizer_input_since	Libraries/LibWeb/CSS/Parser/Tokenizer.cpp:1237	ported
Web::CSS::Parser::Tokenizer::is_valid_escape_sequence	luce-browser-css	css_syntax	tokenizer_is_valid_escape_sequence	Libraries/LibWeb/CSS/Parser/Tokenizer.cpp:798	ported
Web::CSS::Parser::Tokenizer::next_code_point	luce-browser-css	css_syntax	tokenizer_next_code_point	Libraries/LibWeb/CSS/Parser/Tokenizer.cpp:243	ported
Web::CSS::Parser::Tokenizer::peek_code_point	luce-browser-css	css_syntax	tokenizer_peek_code_point	Libraries/LibWeb/CSS/Parser/Tokenizer.cpp:263	ported
Web::CSS::Parser::Tokenizer::peek_triplet	luce-browser-css	css_syntax	tokenizer_peek_triplet	Libraries/LibWeb/CSS/Parser/Tokenizer.cpp:286	ported
Web::CSS::Parser::Tokenizer::peek_twin	luce-browser-css	css_syntax	tokenizer_peek_twin	Libraries/LibWeb/CSS/Parser/Tokenizer.cpp:274	ported
Web::CSS::Parser::Tokenizer::reconsume_current_input_code_point	luce-browser-css	css_syntax	tokenizer_reconsume_current_input_code_point	Libraries/LibWeb/CSS/Parser/Tokenizer.cpp:710	ported
Web::CSS::Parser::Tokenizer::start_of_input_stream_triplet	luce-browser-css	css_syntax	tokenizer_start_of_input_stream_triplet	Libraries/LibWeb/CSS/Parser/Tokenizer.cpp:309	ported
Web::CSS::Parser::Tokenizer::start_of_input_stream_twin	luce-browser-css	css_syntax	tokenizer_start_of_input_stream_twin	Libraries/LibWeb/CSS/Parser/Tokenizer.cpp:298	ported
Web::CSS::Parser::Tokenizer::tokenize	luce-browser-css	css_syntax	tokenizer_tokenize	Libraries/LibWeb/CSS/Parser/Tokenizer.cpp:228	ported
Web::CSS::Parser::Tokenizer::tokenize	luce-browser-css	css_syntax	tokenizer_tokenize_string_view	Libraries/LibWeb/CSS/Parser/Tokenizer.cpp:158	ported
Web::CSS::Parser::Tokenizer::tokenize [lambda filter_code_points]	luce-browser-css	css_syntax	tokenizer_tokenize_filter_code_points	Libraries/LibWeb/CSS/Parser/Tokenizer.cpp:161	helper
Web::CSS::Parser::Tokenizer::would_start_a_number	luce-browser-css	css_syntax	tokenizer_would_start_a_number	Libraries/LibWeb/CSS/Parser/Tokenizer.cpp:754	ported
Web::CSS::Parser::Tokenizer::would_start_an_ident_sequence	luce-browser-css	css_syntax	tokenizer_would_start_an_ident_sequence	Libraries/LibWeb/CSS/Parser/Tokenizer.cpp:821	ported
Web::CSS::Parser::U32Triplet	luce-browser-css	css_syntax	U32Triplet	Libraries/LibWeb/CSS/Parser/Tokenizer.h:34	struct
Web::CSS::Parser::U32Triplet::set	luce-browser-css	css_syntax	u32_triplet_set	Libraries/LibWeb/CSS/Parser/Tokenizer.h:36	ported
Web::CSS::Parser::U32Triplet::to_twin_12	luce-browser-css	css_syntax	u32_triplet_to_twin_12	Libraries/LibWeb/CSS/Parser/Tokenizer.h:46	ported
Web::CSS::Parser::U32Triplet::to_twin_23	luce-browser-css	css_syntax	u32_triplet_to_twin_23	Libraries/LibWeb/CSS/Parser/Tokenizer.h:51	ported
Web::CSS::Parser::U32Twin	luce-browser-css	css_syntax	U32Twin	Libraries/LibWeb/CSS/Parser/Tokenizer.h:20	struct
Web::CSS::Parser::U32Twin::set	luce-browser-css	css_syntax	u32_twin_set	Libraries/LibWeb/CSS/Parser/Tokenizer.h:22	ported
Web::CSS::Parser::clamp_to_single_precision	luce-browser-css	css_syntax	clamp_to_single_precision	Libraries/LibWeb/CSS/Parser/Token.h:17	ported
Web::CSS::Parser::is_E	luce-browser-css	css_syntax	is_e_2	Libraries/LibWeb/CSS/Parser/Tokenizer.cpp:153	ported
Web::CSS::Parser::is_apostrophe	luce-browser-css	css_syntax	is_apostrophe	Libraries/LibWeb/CSS/Parser/Tokenizer.cpp:53	ported
Web::CSS::Parser::is_asterisk	luce-browser-css	css_syntax	is_asterisk	Libraries/LibWeb/CSS/Parser/Tokenizer.cpp:83	ported
Web::CSS::Parser::is_at	luce-browser-css	css_syntax	is_at	Libraries/LibWeb/CSS/Parser/Tokenizer.cpp:113	ported
Web::CSS::Parser::is_closed_curly_bracket	luce-browser-css	css_syntax	is_closed_curly_bracket	Libraries/LibWeb/CSS/Parser/Tokenizer.cpp:133	ported
Web::CSS::Parser::is_closed_square_bracket	luce-browser-css	css_syntax	is_closed_square_bracket	Libraries/LibWeb/CSS/Parser/Tokenizer.cpp:123	ported
Web::CSS::Parser::is_colon	luce-browser-css	css_syntax	is_colon	Libraries/LibWeb/CSS/Parser/Tokenizer.cpp:93	ported
Web::CSS::Parser::is_comma	luce-browser-css	css_syntax	is_comma	Libraries/LibWeb/CSS/Parser/Tokenizer.cpp:73	ported
Web::CSS::Parser::is_e	luce-browser-css	css_syntax	is_e	Libraries/LibWeb/CSS/Parser/Tokenizer.cpp:148	ported
Web::CSS::Parser::is_eof	luce-browser-css	css_syntax	is_eof	Libraries/LibWeb/CSS/Parser/Tokenizer.cpp:28	ported
Web::CSS::Parser::is_exclamation_mark	luce-browser-css	css_syntax	is_exclamation_mark	Libraries/LibWeb/CSS/Parser/Tokenizer.cpp:143	ported
Web::CSS::Parser::is_full_stop	luce-browser-css	css_syntax	is_full_stop	Libraries/LibWeb/CSS/Parser/Tokenizer.cpp:78	ported
Web::CSS::Parser::is_greater_than_sign	luce-browser-css	css_syntax	is_greater_than_sign	Libraries/LibWeb/CSS/Parser/Tokenizer.cpp:108	ported
Web::CSS::Parser::is_hyphen_minus	luce-browser-css	css_syntax	is_hyphen_minus	Libraries/LibWeb/CSS/Parser/Tokenizer.cpp:38	ported
Web::CSS::Parser::is_left_paren	luce-browser-css	css_syntax	is_left_paren	Libraries/LibWeb/CSS/Parser/Tokenizer.cpp:58	ported
Web::CSS::Parser::is_less_than_sign	luce-browser-css	css_syntax	is_less_than_sign	Libraries/LibWeb/CSS/Parser/Tokenizer.cpp:103	ported
Web::CSS::Parser::is_number_sign	luce-browser-css	css_syntax	is_number_sign	Libraries/LibWeb/CSS/Parser/Tokenizer.cpp:43	ported
Web::CSS::Parser::is_open_curly_bracket	luce-browser-css	css_syntax	is_open_curly_bracket	Libraries/LibWeb/CSS/Parser/Tokenizer.cpp:128	ported
Web::CSS::Parser::is_open_square_bracket	luce-browser-css	css_syntax	is_open_square_bracket	Libraries/LibWeb/CSS/Parser/Tokenizer.cpp:118	ported
Web::CSS::Parser::is_percent	luce-browser-css	css_syntax	is_percent	Libraries/LibWeb/CSS/Parser/Tokenizer.cpp:138	ported
Web::CSS::Parser::is_plus_sign	luce-browser-css	css_syntax	is_plus_sign	Libraries/LibWeb/CSS/Parser/Tokenizer.cpp:68	ported
Web::CSS::Parser::is_quotation_mark	luce-browser-css	css_syntax	is_quotation_mark	Libraries/LibWeb/CSS/Parser/Tokenizer.cpp:33	ported
Web::CSS::Parser::is_reverse_solidus	luce-browser-css	css_syntax	is_reverse_solidus	Libraries/LibWeb/CSS/Parser/Tokenizer.cpp:48	ported
Web::CSS::Parser::is_right_paren	luce-browser-css	css_syntax	is_right_paren	Libraries/LibWeb/CSS/Parser/Tokenizer.cpp:63	ported
Web::CSS::Parser::is_semicolon	luce-browser-css	css_syntax	is_semicolon	Libraries/LibWeb/CSS/Parser/Tokenizer.cpp:98	ported
Web::CSS::Parser::is_solidus	luce-browser-css	css_syntax	is_solidus	Libraries/LibWeb/CSS/Parser/Tokenizer.cpp:88	ported
Web::CSS::Parser::log_parse_error	luce-browser-css	css_syntax	log_parse_error	Libraries/LibWeb/CSS/Parser/Tokenizer.cpp:23	ported
Web::CSS::PointerEvents	luce-browser-css	css_data	PointerEvents	Build/Libraries/LibWeb/CSS/Enums.h:1130	enum
Web::CSS::PolarColorSpace	luce-browser-css	css_data	PolarColorSpace	Build/Libraries/LibWeb/CSS/Enums.h:1139	enum
Web::CSS::PositionArea	luce-browser-css	css_data	PositionArea	Build/Libraries/LibWeb/CSS/Enums.h:1149	enum
Web::CSS::PositionEdge	luce-browser-css	css_data	PositionEdge	Build/Libraries/LibWeb/CSS/Enums.h:1205	enum
Web::CSS::Positioning	luce-browser-css	css_data	Positioning	Build/Libraries/LibWeb/CSS/Enums.h:1216	enum
Web::CSS::PropertyID	luce-browser-css	css_data	PropertyId	Build/Libraries/LibWeb/CSS/PropertyID.h:16	enum
Web::CSS::PropertyMultiplicity	luce-browser-css	css_data	PropertyMultiplicity	Build/Libraries/LibWeb/CSS/PropertyID.h:808	enum
Web::CSS::PseudoClass	luce-browser-css	css_data	PseudoClass	Build/Libraries/LibWeb/CSS/PseudoClass.h:9	enum
Web::CSS::PseudoClassMetadata	luce-browser-css	css_data	PseudoClassMetadata	Build/Libraries/LibWeb/CSS/PseudoClass.h:82	struct
Web::CSS::PseudoClassMetadata::ParameterType	luce-browser-css	css_data	PseudoClassMetadataParameterType	Build/Libraries/LibWeb/CSS/PseudoClass.h:83	enum
Web::CSS::PseudoElement	luce-browser-css	css_data	PseudoElement	Build/Libraries/LibWeb/CSS/PseudoElement.h:11	enum
Web::CSS::PseudoElementMetadata	luce-browser-css	css_data	PseudoElementMetadata	Build/Libraries/LibWeb/CSS/PseudoElement.h:48	struct
Web::CSS::PseudoElementMetadata::ParameterType	luce-browser-css	css_data	PseudoElementMetadataParameterType	Build/Libraries/LibWeb/CSS/PseudoElement.h:49	enum
Web::CSS::Quirk	luce-browser-css	css_data	Quirk	Build/Libraries/LibWeb/CSS/PropertyID.h:862	enum
Web::CSS::RadialExtent	luce-browser-css	css_data	RadialExtent	Build/Libraries/LibWeb/CSS/Enums.h:1227	enum
Web::CSS::RectangularColorSpace	luce-browser-css	css_data	RectangularColorSpace	Build/Libraries/LibWeb/CSS/Enums.h:1237	enum
Web::CSS::ReferrerPolicyModifierValue	luce-browser-css	css_data	ReferrerPolicyModifierValue	Build/Libraries/LibWeb/CSS/Enums.h:1255	enum
Web::CSS::RelativeSize	luce-browser-css	css_data	RelativeSize	Build/Libraries/LibWeb/CSS/Enums.h:1269	enum
Web::CSS::Repetition	luce-browser-css	css_data	Repetition	Build/Libraries/LibWeb/CSS/Enums.h:1277	enum
Web::CSS::Resize	luce-browser-css	css_data	Resize	Build/Libraries/LibWeb/CSS/Enums.h:1287	enum
Web::CSS::ResolutionUnit	luce-browser-css	css_data	ResolutionUnit	Build/Libraries/LibWeb/CSS/Units.h:106	enum
Web::CSS::RoundingStrategy	luce-browser-css	css_data	RoundingStrategy	Build/Libraries/LibWeb/CSS/Enums.h:1299	enum
Web::CSS::ScrollbarGutter	luce-browser-css	css_data	ScrollbarGutter	Build/Libraries/LibWeb/CSS/Enums.h:1309	enum
Web::CSS::ScrollbarWidth	luce-browser-css	css_data	ScrollbarWidth	Build/Libraries/LibWeb/CSS/Enums.h:1318	enum
Web::CSS::Scroller	luce-browser-css	css_data	Scroller	Build/Libraries/LibWeb/CSS/Enums.h:1327	enum
Web::CSS::SerializationMode	luce-browser-css	css_syntax	SerializationMode	Libraries/LibWeb/CSS/SerializationMode.h:13	enum
Web::CSS::ShapeBox	luce-browser-css	css_data	ShapeBox	Build/Libraries/LibWeb/CSS/Enums.h:1336	enum
Web::CSS::ShapeRendering	luce-browser-css	css_data	ShapeRendering	Build/Libraries/LibWeb/CSS/Enums.h:1346	enum
Web::CSS::StepPosition	luce-browser-css	css_data	StepPosition	Build/Libraries/LibWeb/CSS/Enums.h:1356	enum
Web::CSS::StrokeLinecap	luce-browser-css	css_data	StrokeLinecap	Build/Libraries/LibWeb/CSS/Enums.h:1368	enum
Web::CSS::StrokeLinejoin	luce-browser-css	css_data	StrokeLinejoin	Build/Libraries/LibWeb/CSS/Enums.h:1377	enum
Web::CSS::SymbolsType	luce-browser-css	css_data	SymbolsType	Build/Libraries/LibWeb/CSS/Enums.h:1386	enum
Web::CSS::TableLayout	luce-browser-css	css_data	TableLayout	Build/Libraries/LibWeb/CSS/Enums.h:1397	enum
Web::CSS::TextAlign	luce-browser-css	css_data	TextAlign	Build/Libraries/LibWeb/CSS/Enums.h:1405	enum
Web::CSS::TextAnchor	luce-browser-css	css_data	TextAnchor	Build/Libraries/LibWeb/CSS/Enums.h:1422	enum
Web::CSS::TextDecorationLine	luce-browser-css	css_data	TextDecorationLine	Build/Libraries/LibWeb/CSS/Enums.h:1431	enum
Web::CSS::TextDecorationSkipInk	luce-browser-css	css_data	TextDecorationSkipInk	Build/Libraries/LibWeb/CSS/Enums.h:1444	enum
Web::CSS::TextDecorationStyle	luce-browser-css	css_data	TextDecorationStyle	Build/Libraries/LibWeb/CSS/Enums.h:1453	enum
Web::CSS::TextJustify	luce-browser-css	css_data	TextJustify	Build/Libraries/LibWeb/CSS/Enums.h:1464	enum
Web::CSS::TextOverflow	luce-browser-css	css_data	TextOverflow	Build/Libraries/LibWeb/CSS/Enums.h:1474	enum
Web::CSS::TextRendering	luce-browser-css	css_data	TextRendering	Build/Libraries/LibWeb/CSS/Enums.h:1482	enum
Web::CSS::TextTransform	luce-browser-css	css_data	TextTransform	Build/Libraries/LibWeb/CSS/Enums.h:1492	enum
Web::CSS::TextUnderlinePositionHorizontal	luce-browser-css	css_data	TextUnderlinePositionHorizontal	Build/Libraries/LibWeb/CSS/Enums.h:1505	enum
Web::CSS::TextUnderlinePositionVertical	luce-browser-css	css_data	TextUnderlinePositionVertical	Build/Libraries/LibWeb/CSS/Enums.h:1514	enum
Web::CSS::TextWrapMode	luce-browser-css	css_data	TextWrapMode	Build/Libraries/LibWeb/CSS/Enums.h:1523	enum
Web::CSS::TextWrapStyle	luce-browser-css	css_data	TextWrapStyle	Build/Libraries/LibWeb/CSS/Enums.h:1531	enum
Web::CSS::TimeUnit	luce-browser-css	css_data	TimeUnit	Build/Libraries/LibWeb/CSS/Units.h:119	enum
Web::CSS::TouchAction	luce-browser-css	css_data	TouchAction	Build/Libraries/LibWeb/CSS/Enums.h:1541	enum
Web::CSS::TransformBox	luce-browser-css	css_data	TransformBox	Build/Libraries/LibWeb/CSS/Enums.h:1556	enum
Web::CSS::TransformFunction	luce-browser-css	css_data	TransformFunction	Build/Libraries/LibWeb/CSS/TransformFunctions.h:10	enum
Web::CSS::TransformFunctionMetadata	luce-browser-css	css_data	TransformFunctionMetadata	Build/Libraries/LibWeb/CSS/TransformFunctions.h:50	struct
Web::CSS::TransformFunctionParameter	luce-browser-css	css_data	TransformFunctionParameter	Build/Libraries/LibWeb/CSS/TransformFunctions.h:45	struct
Web::CSS::TransformFunctionParameterType	luce-browser-css	css_data	TransformFunctionParameterType	Build/Libraries/LibWeb/CSS/TransformFunctions.h:36	enum
Web::CSS::TransformStyle	luce-browser-css	css_data	TransformStyle	Build/Libraries/LibWeb/CSS/Enums.h:1567	enum
Web::CSS::TransitionBehavior	luce-browser-css	css_data	TransitionBehavior	Build/Libraries/LibWeb/CSS/Enums.h:1575	enum
Web::CSS::TryOrder	luce-browser-css	css_data	TryOrder	Build/Libraries/LibWeb/CSS/Enums.h:1583	enum
Web::CSS::TryTactic	luce-browser-css	css_data	TryTactic	Build/Libraries/LibWeb/CSS/Enums.h:1593	enum
Web::CSS::UnicodeBidi	luce-browser-css	css_data	UnicodeBidi	Build/Libraries/LibWeb/CSS/Enums.h:1602	enum
Web::CSS::UserSelect	luce-browser-css	css_data	UserSelect	Build/Libraries/LibWeb/CSS/Enums.h:1614	enum
Web::CSS::VerticalAlign	luce-browser-css	css_data	VerticalAlign	Build/Libraries/LibWeb/CSS/Enums.h:1625	enum
Web::CSS::Visibility	luce-browser-css	css_data	Visibility	Build/Libraries/LibWeb/CSS/Enums.h:1639	enum
Web::CSS::WhiteSpace	luce-browser-css	css_data	WhiteSpace	Build/Libraries/LibWeb/CSS/Enums.h:1648	enum
Web::CSS::WhiteSpaceCollapse	luce-browser-css	css_data	WhiteSpaceCollapse	Build/Libraries/LibWeb/CSS/Enums.h:1658	enum
Web::CSS::WordBreak	luce-browser-css	css_data	WordBreak	Build/Libraries/LibWeb/CSS/Enums.h:1670	enum
Web::CSS::WritingMode	luce-browser-css	css_data	WritingMode	Build/Libraries/LibWeb/CSS/Enums.h:1680	enum
Web::CSS::aliased_pseudo_element_from_string	luce-browser-css	css_data	aliased_pseudo_element_from_string	Build/Libraries/LibWeb/CSS/PseudoElement.h:39	stub
Web::CSS::animation_type_from_longhand_property	luce-browser-css	css_data	animation_type_from_longhand_property	Build/Libraries/LibWeb/CSS/PropertyID.h:798	stub
Web::CSS::at_rule_supports_descriptor	luce-browser-css	css_data	at_rule_supports_descriptor	Build/Libraries/LibWeb/CSS/DescriptorID.h:67	stub
Web::CSS::camel_case_string_from_property_id	luce-browser-css	css_data	camel_case_string_from_property_id	Build/Libraries/LibWeb/CSS/PropertyID.h:804	stub
Web::CSS::canonical_angle_unit	luce-browser-css	css_data	canonical_angle_unit	Build/Libraries/LibWeb/CSS/Units.h:27	stub
Web::CSS::canonical_flex_unit	luce-browser-css	css_data	canonical_flex_unit	Build/Libraries/LibWeb/CSS/Units.h:37	stub
Web::CSS::canonical_frequency_unit	luce-browser-css	css_data	canonical_frequency_unit	Build/Libraries/LibWeb/CSS/Units.h:48	stub
Web::CSS::canonical_length_unit	luce-browser-css	css_data	canonical_length_unit	Build/Libraries/LibWeb/CSS/Units.h:100	stub
Web::CSS::canonical_resolution_unit	luce-browser-css	css_data	canonical_resolution_unit	Build/Libraries/LibWeb/CSS/Units.h:113	stub
Web::CSS::canonical_time_unit	luce-browser-css	css_data	canonical_time_unit	Build/Libraries/LibWeb/CSS/Units.h:124	stub
Web::CSS::descriptor_id_from_string	luce-browser-css	css_data	descriptor_id_from_string	Build/Libraries/LibWeb/CSS/DescriptorID.h:64	stub
Web::CSS::dimension_for_unit	luce-browser-css	css_data	dimension_for_unit	Build/Libraries/LibWeb/CSS/Units.h:18	stub
Web::CSS::environment_variable_dimension_count	luce-browser-css	css_data	environment_variable_dimension_count	Build/Libraries/LibWeb/CSS/EnvironmentVariable.h:33	stub
Web::CSS::environment_variable_from_string	luce-browser-css	css_data	environment_variable_from_string	Build/Libraries/LibWeb/CSS/EnvironmentVariable.h:29	stub
Web::CSS::escape_a_character	luce-browser-css	css_syntax	escape_a_character	Libraries/LibWeb/CSS/Serialize.cpp:19	ported
Web::CSS::escape_a_character_as_code_point	luce-browser-css	css_syntax	escape_a_character_as_code_point	Libraries/LibWeb/CSS/Serialize.cpp:26	ported
Web::CSS::expanded_longhands_for_shorthand	luce-browser-css	css_data	expanded_longhands_for_shorthand	Build/Libraries/LibWeb/CSS/PropertyID.h:837	stub
Web::CSS::first_inherited_property_id	luce-browser-css	css_data	first_inherited_property_id	Build/Libraries/LibWeb/CSS/PropertyID.h:856	variable
Web::CSS::first_longhand_property_id	luce-browser-css	css_data	first_longhand_property_id	Build/Libraries/LibWeb/CSS/PropertyID.h:858	variable
Web::CSS::first_property_id	luce-browser-css	css_data	first_property_id	Build/Libraries/LibWeb/CSS/PropertyID.h:854	variable
Web::CSS::get_descriptor_metadata	luce-browser-css	css_data	get_descriptor_metadata	Build/Libraries/LibWeb/CSS/DescriptorID.h:96	stub
Web::CSS::is_absolute	luce-browser-css	css_data	is_absolute	Build/Libraries/LibWeb/CSS/Units.h:130	stub
Web::CSS::is_animatable_property	luce-browser-css	css_data	is_animatable_property	Build/Libraries/LibWeb/CSS/PropertyID.h:799	stub
Web::CSS::is_css_wide_keyword	luce-browser-css	css_data	is_css_wide_keyword	Build/Libraries/LibWeb/CSS/Keyword.h:1718	stub
Web::CSS::is_digit	luce-browser-css	css_syntax	is_digit	Libraries/LibWeb/CSS/CharacterTypes.h:15	ported
Web::CSS::is_element_backed_pseudo_element	luce-browser-css	css_data	is_element_backed_pseudo_element	Build/Libraries/LibWeb/CSS/PseudoElement.h:44	stub
Web::CSS::is_font_relative	luce-browser-css	css_data	is_font_relative	Build/Libraries/LibWeb/CSS/Units.h:131	stub
Web::CSS::is_greater_than_maximum_allowed_code_point	luce-browser-css	css_syntax	is_greater_than_maximum_allowed_code_point	Libraries/LibWeb/CSS/CharacterTypes.h:68	ported
Web::CSS::is_has_allowed_pseudo_element	luce-browser-css	css_data	is_has_allowed_pseudo_element	Build/Libraries/LibWeb/CSS/PseudoElement.h:42	stub
Web::CSS::is_hex_digit	luce-browser-css	css_syntax	is_hex_digit	Libraries/LibWeb/CSS/CharacterTypes.h:22	ported
Web::CSS::is_ident_code_point	luce-browser-css	css_syntax	is_ident_code_point	Libraries/LibWeb/CSS/CharacterTypes.h:39	ported
Web::CSS::is_ident_start_code_point	luce-browser-css	css_syntax	is_ident_start_code_point	Libraries/LibWeb/CSS/CharacterTypes.h:31	ported
Web::CSS::is_inherited_property	luce-browser-css	css_data	is_inherited_property	Build/Libraries/LibWeb/CSS/PropertyID.h:805	stub
Web::CSS::is_newline	luce-browser-css	css_syntax	is_newline	Libraries/LibWeb/CSS/CharacterTypes.h:52	ported
Web::CSS::is_non_printable_code_point	luce-browser-css	css_syntax	is_non_printable_code_point	Libraries/LibWeb/CSS/CharacterTypes.h:46	ported
Web::CSS::is_pseudo_element_root	luce-browser-css	css_data	is_pseudo_element_root	Build/Libraries/LibWeb/CSS/PseudoElement.h:45	stub
Web::CSS::is_relative	luce-browser-css	css_data	is_relative	Build/Libraries/LibWeb/CSS/Units.h:133	stub
Web::CSS::is_tree_abiding_pseudo_element	luce-browser-css	css_data	is_tree_abiding_pseudo_element	Build/Libraries/LibWeb/CSS/PseudoElement.h:43	stub
Web::CSS::is_viewport_relative	luce-browser-css	css_data	is_viewport_relative	Build/Libraries/LibWeb/CSS/Units.h:132	stub
Web::CSS::is_whitespace	luce-browser-css	css_syntax	is_whitespace	Libraries/LibWeb/CSS/CharacterTypes.h:61	ported
Web::CSS::keyword_from_string	luce-browser-css	css_data	keyword_from_string	Build/Libraries/LibWeb/CSS/Keyword.h:1713	stub
Web::CSS::keyword_to_absolute_size	luce-browser-css	css_data	keyword_to_absolute_size	Build/Libraries/LibWeb/CSS/Enums.h:18	stub
Web::CSS::keyword_to_align_content	luce-browser-css	css_data	keyword_to_align_content	Build/Libraries/LibWeb/CSS/Enums.h:34	stub
Web::CSS::keyword_to_align_items	luce-browser-css	css_data	keyword_to_align_items	Build/Libraries/LibWeb/CSS/Enums.h:52	stub
Web::CSS::keyword_to_align_self	luce-browser-css	css_data	keyword_to_align_self	Build/Libraries/LibWeb/CSS/Enums.h:71	stub
Web::CSS::keyword_to_anchor_side	luce-browser-css	css_data	keyword_to_anchor_side	Build/Libraries/LibWeb/CSS/Enums.h:88	stub
Web::CSS::keyword_to_anchor_size	luce-browser-css	css_data	keyword_to_anchor_size	Build/Libraries/LibWeb/CSS/Enums.h:100	stub
Web::CSS::keyword_to_animation_composition	luce-browser-css	css_data	keyword_to_animation_composition	Build/Libraries/LibWeb/CSS/Enums.h:109	stub
Web::CSS::keyword_to_animation_direction	luce-browser-css	css_data	keyword_to_animation_direction	Build/Libraries/LibWeb/CSS/Enums.h:119	stub
Web::CSS::keyword_to_animation_fill_mode	luce-browser-css	css_data	keyword_to_animation_fill_mode	Build/Libraries/LibWeb/CSS/Enums.h:129	stub
Web::CSS::keyword_to_animation_play_state	luce-browser-css	css_data	keyword_to_animation_play_state	Build/Libraries/LibWeb/CSS/Enums.h:137	stub
Web::CSS::keyword_to_appearance	luce-browser-css	css_data	keyword_to_appearance	Build/Libraries/LibWeb/CSS/Enums.h:159	stub
Web::CSS::keyword_to_axis	luce-browser-css	css_data	keyword_to_axis	Build/Libraries/LibWeb/CSS/Enums.h:169	stub
Web::CSS::keyword_to_background_attachment	luce-browser-css	css_data	keyword_to_background_attachment	Build/Libraries/LibWeb/CSS/Enums.h:178	stub
Web::CSS::keyword_to_background_box	luce-browser-css	css_data	keyword_to_background_box	Build/Libraries/LibWeb/CSS/Enums.h:188	stub
Web::CSS::keyword_to_baseline_metric	luce-browser-css	css_data	keyword_to_baseline_metric	Build/Libraries/LibWeb/CSS/Enums.h:202	stub
Web::CSS::keyword_to_border_collapse	luce-browser-css	css_data	keyword_to_border_collapse	Build/Libraries/LibWeb/CSS/Enums.h:210	stub
Web::CSS::keyword_to_border_image_repeat	luce-browser-css	css_data	keyword_to_border_image_repeat	Build/Libraries/LibWeb/CSS/Enums.h:220	stub
Web::CSS::keyword_to_box_sizing	luce-browser-css	css_data	keyword_to_box_sizing	Build/Libraries/LibWeb/CSS/Enums.h:228	stub
Web::CSS::keyword_to_caption_side	luce-browser-css	css_data	keyword_to_caption_side	Build/Libraries/LibWeb/CSS/Enums.h:236	stub
Web::CSS::keyword_to_clear	luce-browser-css	css_data	keyword_to_clear	Build/Libraries/LibWeb/CSS/Enums.h:248	stub
Web::CSS::keyword_to_color_interpolation	luce-browser-css	css_data	keyword_to_color_interpolation	Build/Libraries/LibWeb/CSS/Enums.h:257	stub
Web::CSS::keyword_to_column_span	luce-browser-css	css_data	keyword_to_column_span	Build/Libraries/LibWeb/CSS/Enums.h:265	stub
Web::CSS::keyword_to_common_lig_value	luce-browser-css	css_data	keyword_to_common_lig_value	Build/Libraries/LibWeb/CSS/Enums.h:273	stub
Web::CSS::keyword_to_compositing_operator	luce-browser-css	css_data	keyword_to_compositing_operator	Build/Libraries/LibWeb/CSS/Enums.h:283	stub
Web::CSS::keyword_to_contain	luce-browser-css	css_data	keyword_to_contain	Build/Libraries/LibWeb/CSS/Enums.h:297	stub
Web::CSS::keyword_to_content_visibility	luce-browser-css	css_data	keyword_to_content_visibility	Build/Libraries/LibWeb/CSS/Enums.h:306	stub
Web::CSS::keyword_to_contextual_alt_value	luce-browser-css	css_data	keyword_to_contextual_alt_value	Build/Libraries/LibWeb/CSS/Enums.h:314	stub
Web::CSS::keyword_to_coord_box	luce-browser-css	css_data	keyword_to_coord_box	Build/Libraries/LibWeb/CSS/Enums.h:326	stub
Web::CSS::keyword_to_counter_style_name_keyword	luce-browser-css	css_data	keyword_to_counter_style_name_keyword	Build/Libraries/LibWeb/CSS/Enums.h:520	stub
Web::CSS::keyword_to_counter_style_system	luce-browser-css	css_data	keyword_to_counter_style_system	Build/Libraries/LibWeb/CSS/Enums.h:531	stub
Web::CSS::keyword_to_cross_origin_modifier_value	luce-browser-css	css_data	keyword_to_cross_origin_modifier_value	Build/Libraries/LibWeb/CSS/Enums.h:539	stub
Web::CSS::keyword_to_cursor_predefined	luce-browser-css	css_data	keyword_to_cursor_predefined	Build/Libraries/LibWeb/CSS/Enums.h:581	stub
Web::CSS::keyword_to_direction	luce-browser-css	css_data	keyword_to_direction	Build/Libraries/LibWeb/CSS/Enums.h:589	stub
Web::CSS::keyword_to_discretionary_lig_value	luce-browser-css	css_data	keyword_to_discretionary_lig_value	Build/Libraries/LibWeb/CSS/Enums.h:597	stub
Web::CSS::keyword_to_display_box	luce-browser-css	css_data	keyword_to_display_box	Build/Libraries/LibWeb/CSS/Enums.h:605	stub
Web::CSS::keyword_to_display_inside	luce-browser-css	css_data	keyword_to_display_inside	Build/Libraries/LibWeb/CSS/Enums.h:618	stub
Web::CSS::keyword_to_display_internal	luce-browser-css	css_data	keyword_to_display_internal	Build/Libraries/LibWeb/CSS/Enums.h:636	stub
Web::CSS::keyword_to_display_legacy	luce-browser-css	css_data	keyword_to_display_legacy	Build/Libraries/LibWeb/CSS/Enums.h:646	stub
Web::CSS::keyword_to_display_outside	luce-browser-css	css_data	keyword_to_display_outside	Build/Libraries/LibWeb/CSS/Enums.h:655	stub
Web::CSS::keyword_to_easing_keyword	luce-browser-css	css_data	keyword_to_easing_keyword	Build/Libraries/LibWeb/CSS/Enums.h:666	stub
Web::CSS::keyword_to_east_asian_variant	luce-browser-css	css_data	keyword_to_east_asian_variant	Build/Libraries/LibWeb/CSS/Enums.h:678	stub
Web::CSS::keyword_to_east_asian_width	luce-browser-css	css_data	keyword_to_east_asian_width	Build/Libraries/LibWeb/CSS/Enums.h:686	stub
Web::CSS::keyword_to_empty_cells	luce-browser-css	css_data	keyword_to_empty_cells	Build/Libraries/LibWeb/CSS/Enums.h:694	stub
Web::CSS::keyword_to_fill_rule	luce-browser-css	css_data	keyword_to_fill_rule	Build/Libraries/LibWeb/CSS/Enums.h:702	stub
Web::CSS::keyword_to_flex_direction	luce-browser-css	css_data	keyword_to_flex_direction	Build/Libraries/LibWeb/CSS/Enums.h:712	stub
Web::CSS::keyword_to_flex_wrap	luce-browser-css	css_data	keyword_to_flex_wrap	Build/Libraries/LibWeb/CSS/Enums.h:721	stub
Web::CSS::keyword_to_float	luce-browser-css	css_data	keyword_to_float	Build/Libraries/LibWeb/CSS/Enums.h:732	stub
Web::CSS::keyword_to_font_display	luce-browser-css	css_data	keyword_to_font_display	Build/Libraries/LibWeb/CSS/Enums.h:743	stub
Web::CSS::keyword_to_font_kerning	luce-browser-css	css_data	keyword_to_font_kerning	Build/Libraries/LibWeb/CSS/Enums.h:752	stub
Web::CSS::keyword_to_font_optical_sizing	luce-browser-css	css_data	keyword_to_font_optical_sizing	Build/Libraries/LibWeb/CSS/Enums.h:760	stub
Web::CSS::keyword_to_font_style_keyword	luce-browser-css	css_data	keyword_to_font_style_keyword	Build/Libraries/LibWeb/CSS/Enums.h:771	stub
Web::CSS::keyword_to_font_tech	luce-browser-css	css_data	keyword_to_font_tech	Build/Libraries/LibWeb/CSS/Enums.h:789	stub
Web::CSS::keyword_to_font_variant_caps	luce-browser-css	css_data	keyword_to_font_variant_caps	Build/Libraries/LibWeb/CSS/Enums.h:802	stub
Web::CSS::keyword_to_font_variant_emoji	luce-browser-css	css_data	keyword_to_font_variant_emoji	Build/Libraries/LibWeb/CSS/Enums.h:812	stub
Web::CSS::keyword_to_font_variant_position	luce-browser-css	css_data	keyword_to_font_variant_position	Build/Libraries/LibWeb/CSS/Enums.h:821	stub
Web::CSS::keyword_to_font_width	luce-browser-css	css_data	keyword_to_font_width	Build/Libraries/LibWeb/CSS/Enums.h:836	stub
Web::CSS::keyword_to_generic_font_family	luce-browser-css	css_data	keyword_to_generic_font_family	Build/Libraries/LibWeb/CSS/Enums.h:852	stub
Web::CSS::keyword_to_historical_lig_value	luce-browser-css	css_data	keyword_to_historical_lig_value	Build/Libraries/LibWeb/CSS/Enums.h:860	stub
Web::CSS::keyword_to_hue_interpolation_method	luce-browser-css	css_data	keyword_to_hue_interpolation_method	Build/Libraries/LibWeb/CSS/Enums.h:870	stub
Web::CSS::keyword_to_image_rendering	luce-browser-css	css_data	keyword_to_image_rendering	Build/Libraries/LibWeb/CSS/Enums.h:881	stub
Web::CSS::keyword_to_isolation	luce-browser-css	css_data	keyword_to_isolation	Build/Libraries/LibWeb/CSS/Enums.h:889	stub
Web::CSS::keyword_to_justify_content	luce-browser-css	css_data	keyword_to_justify_content	Build/Libraries/LibWeb/CSS/Enums.h:907	stub
Web::CSS::keyword_to_justify_items	luce-browser-css	css_data	keyword_to_justify_items	Build/Libraries/LibWeb/CSS/Enums.h:928	stub
Web::CSS::keyword_to_justify_self	luce-browser-css	css_data	keyword_to_justify_self	Build/Libraries/LibWeb/CSS/Enums.h:949	stub
Web::CSS::keyword_to_line_style	luce-browser-css	css_data	keyword_to_line_style	Build/Libraries/LibWeb/CSS/Enums.h:965	stub
Web::CSS::keyword_to_line_width	luce-browser-css	css_data	keyword_to_line_width	Build/Libraries/LibWeb/CSS/Enums.h:974	stub
Web::CSS::keyword_to_list_style_position	luce-browser-css	css_data	keyword_to_list_style_position	Build/Libraries/LibWeb/CSS/Enums.h:982	stub
Web::CSS::keyword_to_mask_type	luce-browser-css	css_data	keyword_to_mask_type	Build/Libraries/LibWeb/CSS/Enums.h:990	stub
Web::CSS::keyword_to_masking_mode	luce-browser-css	css_data	keyword_to_masking_mode	Build/Libraries/LibWeb/CSS/Enums.h:999	stub
Web::CSS::keyword_to_math_shift	luce-browser-css	css_data	keyword_to_math_shift	Build/Libraries/LibWeb/CSS/Enums.h:1007	stub
Web::CSS::keyword_to_math_style	luce-browser-css	css_data	keyword_to_math_style	Build/Libraries/LibWeb/CSS/Enums.h:1015	stub
Web::CSS::keyword_to_mix_blend_mode	luce-browser-css	css_data	keyword_to_mix_blend_mode	Build/Libraries/LibWeb/CSS/Enums.h:1039	stub
Web::CSS::keyword_to_numeric_figure_value	luce-browser-css	css_data	keyword_to_numeric_figure_value	Build/Libraries/LibWeb/CSS/Enums.h:1047	stub
Web::CSS::keyword_to_numeric_fraction_value	luce-browser-css	css_data	keyword_to_numeric_fraction_value	Build/Libraries/LibWeb/CSS/Enums.h:1055	stub
Web::CSS::keyword_to_numeric_spacing_value	luce-browser-css	css_data	keyword_to_numeric_spacing_value	Build/Libraries/LibWeb/CSS/Enums.h:1063	stub
Web::CSS::keyword_to_object_fit	luce-browser-css	css_data	keyword_to_object_fit	Build/Libraries/LibWeb/CSS/Enums.h:1074	stub
Web::CSS::keyword_to_outline_style	luce-browser-css	css_data	keyword_to_outline_style	Build/Libraries/LibWeb/CSS/Enums.h:1090	stub
Web::CSS::keyword_to_overflow	luce-browser-css	css_data	keyword_to_overflow	Build/Libraries/LibWeb/CSS/Enums.h:1101	stub
Web::CSS::keyword_to_page_size	luce-browser-css	css_data	keyword_to_page_size	Build/Libraries/LibWeb/CSS/Enums.h:1117	stub
Web::CSS::keyword_to_paint_order	luce-browser-css	css_data	keyword_to_paint_order	Build/Libraries/LibWeb/CSS/Enums.h:1126	stub
Web::CSS::keyword_to_pointer_events	luce-browser-css	css_data	keyword_to_pointer_events	Build/Libraries/LibWeb/CSS/Enums.h:1135	stub
Web::CSS::keyword_to_polar_color_space	luce-browser-css	css_data	keyword_to_polar_color_space	Build/Libraries/LibWeb/CSS/Enums.h:1145	stub
Web::CSS::keyword_to_position_area	luce-browser-css	css_data	keyword_to_position_area	Build/Libraries/LibWeb/CSS/Enums.h:1201	stub
Web::CSS::keyword_to_position_edge	luce-browser-css	css_data	keyword_to_position_edge	Build/Libraries/LibWeb/CSS/Enums.h:1212	stub
Web::CSS::keyword_to_positioning	luce-browser-css	css_data	keyword_to_positioning	Build/Libraries/LibWeb/CSS/Enums.h:1223	stub
Web::CSS::keyword_to_radial_extent	luce-browser-css	css_data	keyword_to_radial_extent	Build/Libraries/LibWeb/CSS/Enums.h:1233	stub
Web::CSS::keyword_to_rectangular_color_space	luce-browser-css	css_data	keyword_to_rectangular_color_space	Build/Libraries/LibWeb/CSS/Enums.h:1251	stub
Web::CSS::keyword_to_referrer_policy_modifier_value	luce-browser-css	css_data	keyword_to_referrer_policy_modifier_value	Build/Libraries/LibWeb/CSS/Enums.h:1265	stub
Web::CSS::keyword_to_relative_size	luce-browser-css	css_data	keyword_to_relative_size	Build/Libraries/LibWeb/CSS/Enums.h:1273	stub
Web::CSS::keyword_to_repetition	luce-browser-css	css_data	keyword_to_repetition	Build/Libraries/LibWeb/CSS/Enums.h:1283	stub
Web::CSS::keyword_to_resize	luce-browser-css	css_data	keyword_to_resize	Build/Libraries/LibWeb/CSS/Enums.h:1295	stub
Web::CSS::keyword_to_rounding_strategy	luce-browser-css	css_data	keyword_to_rounding_strategy	Build/Libraries/LibWeb/CSS/Enums.h:1305	stub
Web::CSS::keyword_to_scrollbar_gutter	luce-browser-css	css_data	keyword_to_scrollbar_gutter	Build/Libraries/LibWeb/CSS/Enums.h:1314	stub
Web::CSS::keyword_to_scrollbar_width	luce-browser-css	css_data	keyword_to_scrollbar_width	Build/Libraries/LibWeb/CSS/Enums.h:1323	stub
Web::CSS::keyword_to_scroller	luce-browser-css	css_data	keyword_to_scroller	Build/Libraries/LibWeb/CSS/Enums.h:1332	stub
Web::CSS::keyword_to_shape_box	luce-browser-css	css_data	keyword_to_shape_box	Build/Libraries/LibWeb/CSS/Enums.h:1342	stub
Web::CSS::keyword_to_shape_rendering	luce-browser-css	css_data	keyword_to_shape_rendering	Build/Libraries/LibWeb/CSS/Enums.h:1352	stub
Web::CSS::keyword_to_step_position	luce-browser-css	css_data	keyword_to_step_position	Build/Libraries/LibWeb/CSS/Enums.h:1364	stub
Web::CSS::keyword_to_stroke_linecap	luce-browser-css	css_data	keyword_to_stroke_linecap	Build/Libraries/LibWeb/CSS/Enums.h:1373	stub
Web::CSS::keyword_to_stroke_linejoin	luce-browser-css	css_data	keyword_to_stroke_linejoin	Build/Libraries/LibWeb/CSS/Enums.h:1382	stub
Web::CSS::keyword_to_symbols_type	luce-browser-css	css_data	keyword_to_symbols_type	Build/Libraries/LibWeb/CSS/Enums.h:1393	stub
Web::CSS::keyword_to_table_layout	luce-browser-css	css_data	keyword_to_table_layout	Build/Libraries/LibWeb/CSS/Enums.h:1401	stub
Web::CSS::keyword_to_text_align	luce-browser-css	css_data	keyword_to_text_align	Build/Libraries/LibWeb/CSS/Enums.h:1418	stub
Web::CSS::keyword_to_text_anchor	luce-browser-css	css_data	keyword_to_text_anchor	Build/Libraries/LibWeb/CSS/Enums.h:1427	stub
Web::CSS::keyword_to_text_decoration_line	luce-browser-css	css_data	keyword_to_text_decoration_line	Build/Libraries/LibWeb/CSS/Enums.h:1440	stub
Web::CSS::keyword_to_text_decoration_skip_ink	luce-browser-css	css_data	keyword_to_text_decoration_skip_ink	Build/Libraries/LibWeb/CSS/Enums.h:1449	stub
Web::CSS::keyword_to_text_decoration_style	luce-browser-css	css_data	keyword_to_text_decoration_style	Build/Libraries/LibWeb/CSS/Enums.h:1460	stub
Web::CSS::keyword_to_text_justify	luce-browser-css	css_data	keyword_to_text_justify	Build/Libraries/LibWeb/CSS/Enums.h:1470	stub
Web::CSS::keyword_to_text_overflow	luce-browser-css	css_data	keyword_to_text_overflow	Build/Libraries/LibWeb/CSS/Enums.h:1478	stub
Web::CSS::keyword_to_text_rendering	luce-browser-css	css_data	keyword_to_text_rendering	Build/Libraries/LibWeb/CSS/Enums.h:1488	stub
Web::CSS::keyword_to_text_transform	luce-browser-css	css_data	keyword_to_text_transform	Build/Libraries/LibWeb/CSS/Enums.h:1501	stub
Web::CSS::keyword_to_text_underline_position_horizontal	luce-browser-css	css_data	keyword_to_text_underline_position_horizontal	Build/Libraries/LibWeb/CSS/Enums.h:1510	stub
Web::CSS::keyword_to_text_underline_position_vertical	luce-browser-css	css_data	keyword_to_text_underline_position_vertical	Build/Libraries/LibWeb/CSS/Enums.h:1519	stub
Web::CSS::keyword_to_text_wrap_mode	luce-browser-css	css_data	keyword_to_text_wrap_mode	Build/Libraries/LibWeb/CSS/Enums.h:1527	stub
Web::CSS::keyword_to_text_wrap_style	luce-browser-css	css_data	keyword_to_text_wrap_style	Build/Libraries/LibWeb/CSS/Enums.h:1537	stub
Web::CSS::keyword_to_touch_action	luce-browser-css	css_data	keyword_to_touch_action	Build/Libraries/LibWeb/CSS/Enums.h:1552	stub
Web::CSS::keyword_to_transform_box	luce-browser-css	css_data	keyword_to_transform_box	Build/Libraries/LibWeb/CSS/Enums.h:1563	stub
Web::CSS::keyword_to_transform_style	luce-browser-css	css_data	keyword_to_transform_style	Build/Libraries/LibWeb/CSS/Enums.h:1571	stub
Web::CSS::keyword_to_transition_behavior	luce-browser-css	css_data	keyword_to_transition_behavior	Build/Libraries/LibWeb/CSS/Enums.h:1579	stub
Web::CSS::keyword_to_try_order	luce-browser-css	css_data	keyword_to_try_order	Build/Libraries/LibWeb/CSS/Enums.h:1589	stub
Web::CSS::keyword_to_try_tactic	luce-browser-css	css_data	keyword_to_try_tactic	Build/Libraries/LibWeb/CSS/Enums.h:1598	stub
Web::CSS::keyword_to_unicode_bidi	luce-browser-css	css_data	keyword_to_unicode_bidi	Build/Libraries/LibWeb/CSS/Enums.h:1610	stub
Web::CSS::keyword_to_user_select	luce-browser-css	css_data	keyword_to_user_select	Build/Libraries/LibWeb/CSS/Enums.h:1621	stub
Web::CSS::keyword_to_vertical_align	luce-browser-css	css_data	keyword_to_vertical_align	Build/Libraries/LibWeb/CSS/Enums.h:1635	stub
Web::CSS::keyword_to_visibility	luce-browser-css	css_data	keyword_to_visibility	Build/Libraries/LibWeb/CSS/Enums.h:1644	stub
Web::CSS::keyword_to_white_space	luce-browser-css	css_data	keyword_to_white_space	Build/Libraries/LibWeb/CSS/Enums.h:1654	stub
Web::CSS::keyword_to_white_space_collapse	luce-browser-css	css_data	keyword_to_white_space_collapse	Build/Libraries/LibWeb/CSS/Enums.h:1666	stub
Web::CSS::keyword_to_word_break	luce-browser-css	css_data	keyword_to_word_break	Build/Libraries/LibWeb/CSS/Enums.h:1676	stub
Web::CSS::keyword_to_writing_mode	luce-browser-css	css_data	keyword_to_writing_mode	Build/Libraries/LibWeb/CSS/Enums.h:1687	stub
Web::CSS::last_inherited_property_id	luce-browser-css	css_data	last_inherited_property_id	Build/Libraries/LibWeb/CSS/PropertyID.h:857	variable
Web::CSS::last_longhand_property_id	luce-browser-css	css_data	last_longhand_property_id	Build/Libraries/LibWeb/CSS/PropertyID.h:859	variable
Web::CSS::last_property_id	luce-browser-css	css_data	last_property_id	Build/Libraries/LibWeb/CSS/PropertyID.h:855	variable
Web::CSS::logical_property_group_for_property	luce-browser-css	css_data	logical_property_group_for_property	Build/Libraries/LibWeb/CSS/PropertyID.h:909	stub
Web::CSS::longhands_for_shorthand	luce-browser-css	css_data	longhands_for_shorthand	Build/Libraries/LibWeb/CSS/PropertyID.h:836	stub
Web::CSS::map_logical_alias_to_physical_property	luce-browser-css	css_data	map_logical_alias_to_physical_property	Build/Libraries/LibWeb/CSS/PropertyID.h:876	stub
Web::CSS::map_physical_property_to_logical_alias	luce-browser-css	css_data	map_physical_property_to_logical_alias	Build/Libraries/LibWeb/CSS/PropertyID.h:877	stub
Web::CSS::math_function_from_string	luce-browser-css	css_data	math_function_from_string	Build/Libraries/LibWeb/CSS/MathFunctions.h:37	stub
Web::CSS::media_feature_accepts_keyword	luce-browser-css	css_data	media_feature_accepts_keyword	Build/Libraries/LibWeb/CSS/MediaFeatureID.h:62	stub
Web::CSS::media_feature_accepts_type	luce-browser-css	css_data	media_feature_accepts_type	Build/Libraries/LibWeb/CSS/MediaFeatureID.h:61	stub
Web::CSS::media_feature_id_from_string	luce-browser-css	css_data	media_feature_id_from_string	Build/Libraries/LibWeb/CSS/MediaFeatureID.h:57	stub
Web::CSS::media_feature_keyword_is_falsey	luce-browser-css	css_data	media_feature_keyword_is_falsey	Build/Libraries/LibWeb/CSS/MediaFeatureID.h:64	stub
Web::CSS::media_feature_type_is_range	luce-browser-css	css_data	media_feature_type_is_range	Build/Libraries/LibWeb/CSS/MediaFeatureID.h:60	stub
Web::CSS::number_of_longhand_properties	luce-browser-css	css_data	number_of_longhand_properties	Build/Libraries/LibWeb/CSS/PropertyID.h:860	variable
Web::CSS::property_accepts_integer	luce-browser-css	css_data	property_accepts_integer	Build/Libraries/LibWeb/CSS/PropertyID.h:828	stub
Web::CSS::property_accepts_keyword	luce-browser-css	css_data	property_accepts_keyword	Build/Libraries/LibWeb/CSS/PropertyID.h:819	stub
Web::CSS::property_accepts_number	luce-browser-css	css_data	property_accepts_number	Build/Libraries/LibWeb/CSS/PropertyID.h:830	stub
Web::CSS::property_affects_layout	luce-browser-css	css_data	property_affects_layout	Build/Libraries/LibWeb/CSS/PropertyID.h:849	stub
Web::CSS::property_affects_stacking_context	luce-browser-css	css_data	property_affects_stacking_context	Build/Libraries/LibWeb/CSS/PropertyID.h:850	stub
Web::CSS::property_computation_order	luce-browser-css	css_data	property_computation_order	Build/Libraries/LibWeb/CSS/PropertyID.h:840	stub
Web::CSS::property_custom_ident_blacklist	luce-browser-css	css_data	property_custom_ident_blacklist	Build/Libraries/LibWeb/CSS/PropertyID.h:822	stub
Web::CSS::property_has_quirk	luce-browser-css	css_data	property_has_quirk	Build/Libraries/LibWeb/CSS/PropertyID.h:868	stub
Web::CSS::property_id_from_camel_case_string	luce-browser-css	css_data	property_id_from_camel_case_string	Build/Libraries/LibWeb/CSS/PropertyID.h:801	stub
Web::CSS::property_id_from_string	luce-browser-css	css_data	property_id_from_string	Build/Libraries/LibWeb/CSS/PropertyID.h:802	stub
Web::CSS::property_is_list_valued	luce-browser-css	css_data	property_is_list_valued	Build/Libraries/LibWeb/CSS/PropertyID.h:815	stub
Web::CSS::property_is_logical_alias	luce-browser-css	css_data	property_is_logical_alias	Build/Libraries/LibWeb/CSS/PropertyID.h:875	stub
Web::CSS::property_is_positional_value_list_shorthand	luce-browser-css	css_data	property_is_positional_value_list_shorthand	Build/Libraries/LibWeb/CSS/PropertyID.h:841	stub
Web::CSS::property_is_shorthand	luce-browser-css	css_data	property_is_shorthand	Build/Libraries/LibWeb/CSS/PropertyID.h:835	stub
Web::CSS::property_is_single_valued	luce-browser-css	css_data	property_is_single_valued	Build/Libraries/LibWeb/CSS/PropertyID.h:814	stub
Web::CSS::property_maps_to_shorthand	luce-browser-css	css_data	property_maps_to_shorthand	Build/Libraries/LibWeb/CSS/PropertyID.h:838	stub
Web::CSS::property_maximum_value_count	luce-browser-css	css_data	property_maximum_value_count	Build/Libraries/LibWeb/CSS/PropertyID.h:847	stub
Web::CSS::property_multiplicity	luce-browser-css	css_data	property_multiplicity	Build/Libraries/LibWeb/CSS/PropertyID.h:813	stub
Web::CSS::property_needs_layout_for_getcomputedstyle	luce-browser-css	css_data	property_needs_layout_for_getcomputedstyle	Build/Libraries/LibWeb/CSS/PropertyID.h:851	stub
Web::CSS::property_needs_layout_node_for_resolved_value	luce-browser-css	css_data	property_needs_layout_node_for_resolved_value	Build/Libraries/LibWeb/CSS/PropertyID.h:852	stub
Web::CSS::property_requires_computation_with_cascaded_value	luce-browser-css	css_data	property_requires_computation_with_cascaded_value	Build/Libraries/LibWeb/CSS/PropertyID.h:845	stub
Web::CSS::property_requires_computation_with_inherited_value	luce-browser-css	css_data	property_requires_computation_with_inherited_value	Build/Libraries/LibWeb/CSS/PropertyID.h:843	stub
Web::CSS::property_requires_computation_with_initial_value	luce-browser-css	css_data	property_requires_computation_with_initial_value	Build/Libraries/LibWeb/CSS/PropertyID.h:844	stub
Web::CSS::pseudo_class_from_string	luce-browser-css	css_data	pseudo_class_from_string	Build/Libraries/LibWeb/CSS/PseudoClass.h:79	stub
Web::CSS::pseudo_class_metadata	luce-browser-css	css_data	pseudo_class_metadata	Build/Libraries/LibWeb/CSS/PseudoClass.h:99	stub
Web::CSS::pseudo_class_name	luce-browser-css	css_data	pseudo_class_name	Build/Libraries/LibWeb/CSS/PseudoClass.h:80	stub
Web::CSS::pseudo_element_from_string	luce-browser-css	css_data	pseudo_element_from_string	Build/Libraries/LibWeb/CSS/PseudoElement.h:38	stub
Web::CSS::pseudo_element_metadata	luce-browser-css	css_data	pseudo_element_metadata	Build/Libraries/LibWeb/CSS/PseudoElement.h:58	stub
Web::CSS::pseudo_element_name	luce-browser-css	css_data	pseudo_element_name	Build/Libraries/LibWeb/CSS/PseudoElement.h:40	stub
Web::CSS::pseudo_element_supports_property	luce-browser-css	css_data	pseudo_element_supports_property	Build/Libraries/LibWeb/CSS/PseudoElement.h:46	stub
Web::CSS::ratio_between_units	luce-browser-css	css_data	ratio_between_units_angle_unit	Build/Libraries/LibWeb/CSS/Units.h:31	stub
Web::CSS::ratio_between_units	luce-browser-css	css_data	ratio_between_units_flex_unit	Build/Libraries/LibWeb/CSS/Units.h:41	stub
Web::CSS::ratio_between_units	luce-browser-css	css_data	ratio_between_units_frequency_unit	Build/Libraries/LibWeb/CSS/Units.h:52	stub
Web::CSS::ratio_between_units	luce-browser-css	css_data	ratio_between_units_length_unit	Build/Libraries/LibWeb/CSS/Units.h:104	stub
Web::CSS::ratio_between_units	luce-browser-css	css_data	ratio_between_units_resolution_unit	Build/Libraries/LibWeb/CSS/Units.h:117	stub
Web::CSS::ratio_between_units	luce-browser-css	css_data	ratio_between_units_time_unit	Build/Libraries/LibWeb/CSS/Units.h:128	stub
Web::CSS::resolve_legacy_value_alias	luce-browser-css	css_data	resolve_legacy_value_alias	Build/Libraries/LibWeb/CSS/PropertyID.h:820	stub
Web::CSS::round_to_nearest_integer	luce-browser-css	css_syntax	round_to_nearest_integer	Libraries/LibWeb/CSS/Number.cpp:13	ported
Web::CSS::serialize_a_number	luce-browser-css	css_syntax	serialize_a_number_f64	Libraries/LibWeb/CSS/Serialize.cpp:173	ported
Web::CSS::serialize_a_number	luce-browser-css	css_syntax	serialize_a_number_string_builder	Libraries/LibWeb/CSS/Serialize.cpp:134	ported
Web::CSS::serialize_a_string	luce-browser-css	css_syntax	serialize_a_string_string_builder	Libraries/LibWeb/CSS/Serialize.cpp:84	ported
Web::CSS::serialize_a_string	luce-browser-css	css_syntax	serialize_a_string_string_view	Libraries/LibWeb/CSS/Serialize.cpp:159	ported
Web::CSS::serialize_a_url	luce-browser-css	css_syntax	serialize_a_url_string_builder	Libraries/LibWeb/CSS/Serialize.cpp:116	ported
Web::CSS::serialize_a_url	luce-browser-css	css_syntax	serialize_a_url_string_view	Libraries/LibWeb/CSS/Serialize.cpp:166	ported
Web::CSS::serialize_an_identifier	luce-browser-css	css_syntax	serialize_an_identifier_string_builder	Libraries/LibWeb/CSS/Serialize.cpp:32	ported
Web::CSS::serialize_an_identifier	luce-browser-css	css_syntax	serialize_an_identifier_string_view	Libraries/LibWeb/CSS/Serialize.cpp:152	ported
Web::CSS::shorthands_for_longhand	luce-browser-css	css_data	shorthands_for_longhand	Build/Libraries/LibWeb/CSS/PropertyID.h:839	stub
Web::CSS::string_from_keyword	luce-browser-css	css_data	string_from_keyword	Build/Libraries/LibWeb/CSS/Keyword.h:1714	stub
Web::CSS::string_from_media_feature_id	luce-browser-css	css_data	string_from_media_feature_id	Build/Libraries/LibWeb/CSS/MediaFeatureID.h:58	stub
Web::CSS::string_from_property_id	luce-browser-css	css_data	string_from_property_id	Build/Libraries/LibWeb/CSS/PropertyID.h:803	stub
Web::CSS::string_to_angle_unit	luce-browser-css	css_data	string_to_angle_unit	Build/Libraries/LibWeb/CSS/Units.h:28	stub
Web::CSS::string_to_flex_unit	luce-browser-css	css_data	string_to_flex_unit	Build/Libraries/LibWeb/CSS/Units.h:38	stub
Web::CSS::string_to_frequency_unit	luce-browser-css	css_data	string_to_frequency_unit	Build/Libraries/LibWeb/CSS/Units.h:49	stub
Web::CSS::string_to_length_unit	luce-browser-css	css_data	string_to_length_unit	Build/Libraries/LibWeb/CSS/Units.h:101	stub
Web::CSS::string_to_resolution_unit	luce-browser-css	css_data	string_to_resolution_unit	Build/Libraries/LibWeb/CSS/Units.h:114	stub
Web::CSS::string_to_time_unit	luce-browser-css	css_data	string_to_time_unit	Build/Libraries/LibWeb/CSS/Units.h:125	stub
Web::CSS::to_keyword	luce-browser-css	css_data	to_keyword_absolute_size	Build/Libraries/LibWeb/CSS/Enums.h:19	stub
Web::CSS::to_keyword	luce-browser-css	css_data	to_keyword_align_content	Build/Libraries/LibWeb/CSS/Enums.h:35	stub
Web::CSS::to_keyword	luce-browser-css	css_data	to_keyword_align_items	Build/Libraries/LibWeb/CSS/Enums.h:53	stub
Web::CSS::to_keyword	luce-browser-css	css_data	to_keyword_align_self	Build/Libraries/LibWeb/CSS/Enums.h:72	stub
Web::CSS::to_keyword	luce-browser-css	css_data	to_keyword_anchor_side	Build/Libraries/LibWeb/CSS/Enums.h:89	stub
Web::CSS::to_keyword	luce-browser-css	css_data	to_keyword_anchor_size	Build/Libraries/LibWeb/CSS/Enums.h:101	stub
Web::CSS::to_keyword	luce-browser-css	css_data	to_keyword_animation_composition	Build/Libraries/LibWeb/CSS/Enums.h:110	stub
Web::CSS::to_keyword	luce-browser-css	css_data	to_keyword_animation_direction	Build/Libraries/LibWeb/CSS/Enums.h:120	stub
Web::CSS::to_keyword	luce-browser-css	css_data	to_keyword_animation_fill_mode	Build/Libraries/LibWeb/CSS/Enums.h:130	stub
Web::CSS::to_keyword	luce-browser-css	css_data	to_keyword_animation_play_state	Build/Libraries/LibWeb/CSS/Enums.h:138	stub
Web::CSS::to_keyword	luce-browser-css	css_data	to_keyword_appearance	Build/Libraries/LibWeb/CSS/Enums.h:160	stub
Web::CSS::to_keyword	luce-browser-css	css_data	to_keyword_axis	Build/Libraries/LibWeb/CSS/Enums.h:170	stub
Web::CSS::to_keyword	luce-browser-css	css_data	to_keyword_background_attachment	Build/Libraries/LibWeb/CSS/Enums.h:179	stub
Web::CSS::to_keyword	luce-browser-css	css_data	to_keyword_background_box	Build/Libraries/LibWeb/CSS/Enums.h:189	stub
Web::CSS::to_keyword	luce-browser-css	css_data	to_keyword_baseline_metric	Build/Libraries/LibWeb/CSS/Enums.h:203	stub
Web::CSS::to_keyword	luce-browser-css	css_data	to_keyword_border_collapse	Build/Libraries/LibWeb/CSS/Enums.h:211	stub
Web::CSS::to_keyword	luce-browser-css	css_data	to_keyword_border_image_repeat	Build/Libraries/LibWeb/CSS/Enums.h:221	stub
Web::CSS::to_keyword	luce-browser-css	css_data	to_keyword_box_sizing	Build/Libraries/LibWeb/CSS/Enums.h:229	stub
Web::CSS::to_keyword	luce-browser-css	css_data	to_keyword_caption_side	Build/Libraries/LibWeb/CSS/Enums.h:237	stub
Web::CSS::to_keyword	luce-browser-css	css_data	to_keyword_clear	Build/Libraries/LibWeb/CSS/Enums.h:249	stub
Web::CSS::to_keyword	luce-browser-css	css_data	to_keyword_color_interpolation	Build/Libraries/LibWeb/CSS/Enums.h:258	stub
Web::CSS::to_keyword	luce-browser-css	css_data	to_keyword_column_span	Build/Libraries/LibWeb/CSS/Enums.h:266	stub
Web::CSS::to_keyword	luce-browser-css	css_data	to_keyword_common_lig_value	Build/Libraries/LibWeb/CSS/Enums.h:274	stub
Web::CSS::to_keyword	luce-browser-css	css_data	to_keyword_compositing_operator	Build/Libraries/LibWeb/CSS/Enums.h:284	stub
Web::CSS::to_keyword	luce-browser-css	css_data	to_keyword_contain	Build/Libraries/LibWeb/CSS/Enums.h:298	stub
Web::CSS::to_keyword	luce-browser-css	css_data	to_keyword_content_visibility	Build/Libraries/LibWeb/CSS/Enums.h:307	stub
Web::CSS::to_keyword	luce-browser-css	css_data	to_keyword_contextual_alt_value	Build/Libraries/LibWeb/CSS/Enums.h:315	stub
Web::CSS::to_keyword	luce-browser-css	css_data	to_keyword_coord_box	Build/Libraries/LibWeb/CSS/Enums.h:327	stub
Web::CSS::to_keyword	luce-browser-css	css_data	to_keyword_counter_style_name_keyword	Build/Libraries/LibWeb/CSS/Enums.h:521	stub
Web::CSS::to_keyword	luce-browser-css	css_data	to_keyword_counter_style_system	Build/Libraries/LibWeb/CSS/Enums.h:532	stub
Web::CSS::to_keyword	luce-browser-css	css_data	to_keyword_cross_origin_modifier_value	Build/Libraries/LibWeb/CSS/Enums.h:540	stub
Web::CSS::to_keyword	luce-browser-css	css_data	to_keyword_cursor_predefined	Build/Libraries/LibWeb/CSS/Enums.h:582	stub
Web::CSS::to_keyword	luce-browser-css	css_data	to_keyword_direction	Build/Libraries/LibWeb/CSS/Enums.h:590	stub
Web::CSS::to_keyword	luce-browser-css	css_data	to_keyword_discretionary_lig_value	Build/Libraries/LibWeb/CSS/Enums.h:598	stub
Web::CSS::to_keyword	luce-browser-css	css_data	to_keyword_display_box	Build/Libraries/LibWeb/CSS/Enums.h:606	stub
Web::CSS::to_keyword	luce-browser-css	css_data	to_keyword_display_inside	Build/Libraries/LibWeb/CSS/Enums.h:619	stub
Web::CSS::to_keyword	luce-browser-css	css_data	to_keyword_display_internal	Build/Libraries/LibWeb/CSS/Enums.h:637	stub
Web::CSS::to_keyword	luce-browser-css	css_data	to_keyword_display_legacy	Build/Libraries/LibWeb/CSS/Enums.h:647	stub
Web::CSS::to_keyword	luce-browser-css	css_data	to_keyword_display_outside	Build/Libraries/LibWeb/CSS/Enums.h:656	stub
Web::CSS::to_keyword	luce-browser-css	css_data	to_keyword_easing_keyword	Build/Libraries/LibWeb/CSS/Enums.h:667	stub
Web::CSS::to_keyword	luce-browser-css	css_data	to_keyword_east_asian_variant	Build/Libraries/LibWeb/CSS/Enums.h:679	stub
Web::CSS::to_keyword	luce-browser-css	css_data	to_keyword_east_asian_width	Build/Libraries/LibWeb/CSS/Enums.h:687	stub
Web::CSS::to_keyword	luce-browser-css	css_data	to_keyword_empty_cells	Build/Libraries/LibWeb/CSS/Enums.h:695	stub
Web::CSS::to_keyword	luce-browser-css	css_data	to_keyword_fill_rule	Build/Libraries/LibWeb/CSS/Enums.h:703	stub
Web::CSS::to_keyword	luce-browser-css	css_data	to_keyword_flex_direction	Build/Libraries/LibWeb/CSS/Enums.h:713	stub
Web::CSS::to_keyword	luce-browser-css	css_data	to_keyword_flex_wrap	Build/Libraries/LibWeb/CSS/Enums.h:722	stub
Web::CSS::to_keyword	luce-browser-css	css_data	to_keyword_float	Build/Libraries/LibWeb/CSS/Enums.h:733	stub
Web::CSS::to_keyword	luce-browser-css	css_data	to_keyword_font_display	Build/Libraries/LibWeb/CSS/Enums.h:744	stub
Web::CSS::to_keyword	luce-browser-css	css_data	to_keyword_font_kerning	Build/Libraries/LibWeb/CSS/Enums.h:753	stub
Web::CSS::to_keyword	luce-browser-css	css_data	to_keyword_font_optical_sizing	Build/Libraries/LibWeb/CSS/Enums.h:761	stub
Web::CSS::to_keyword	luce-browser-css	css_data	to_keyword_font_style_keyword	Build/Libraries/LibWeb/CSS/Enums.h:772	stub
Web::CSS::to_keyword	luce-browser-css	css_data	to_keyword_font_tech	Build/Libraries/LibWeb/CSS/Enums.h:790	stub
Web::CSS::to_keyword	luce-browser-css	css_data	to_keyword_font_variant_caps	Build/Libraries/LibWeb/CSS/Enums.h:803	stub
Web::CSS::to_keyword	luce-browser-css	css_data	to_keyword_font_variant_emoji	Build/Libraries/LibWeb/CSS/Enums.h:813	stub
Web::CSS::to_keyword	luce-browser-css	css_data	to_keyword_font_variant_position	Build/Libraries/LibWeb/CSS/Enums.h:822	stub
Web::CSS::to_keyword	luce-browser-css	css_data	to_keyword_font_width	Build/Libraries/LibWeb/CSS/Enums.h:837	stub
Web::CSS::to_keyword	luce-browser-css	css_data	to_keyword_generic_font_family	Build/Libraries/LibWeb/CSS/Enums.h:853	stub
Web::CSS::to_keyword	luce-browser-css	css_data	to_keyword_historical_lig_value	Build/Libraries/LibWeb/CSS/Enums.h:861	stub
Web::CSS::to_keyword	luce-browser-css	css_data	to_keyword_hue_interpolation_method	Build/Libraries/LibWeb/CSS/Enums.h:871	stub
Web::CSS::to_keyword	luce-browser-css	css_data	to_keyword_image_rendering	Build/Libraries/LibWeb/CSS/Enums.h:882	stub
Web::CSS::to_keyword	luce-browser-css	css_data	to_keyword_isolation	Build/Libraries/LibWeb/CSS/Enums.h:890	stub
Web::CSS::to_keyword	luce-browser-css	css_data	to_keyword_justify_content	Build/Libraries/LibWeb/CSS/Enums.h:908	stub
Web::CSS::to_keyword	luce-browser-css	css_data	to_keyword_justify_items	Build/Libraries/LibWeb/CSS/Enums.h:929	stub
Web::CSS::to_keyword	luce-browser-css	css_data	to_keyword_justify_self	Build/Libraries/LibWeb/CSS/Enums.h:950	stub
Web::CSS::to_keyword	luce-browser-css	css_data	to_keyword_line_style	Build/Libraries/LibWeb/CSS/Enums.h:966	stub
Web::CSS::to_keyword	luce-browser-css	css_data	to_keyword_line_width	Build/Libraries/LibWeb/CSS/Enums.h:975	stub
Web::CSS::to_keyword	luce-browser-css	css_data	to_keyword_list_style_position	Build/Libraries/LibWeb/CSS/Enums.h:983	stub
Web::CSS::to_keyword	luce-browser-css	css_data	to_keyword_mask_type	Build/Libraries/LibWeb/CSS/Enums.h:991	stub
Web::CSS::to_keyword	luce-browser-css	css_data	to_keyword_masking_mode	Build/Libraries/LibWeb/CSS/Enums.h:1000	stub
Web::CSS::to_keyword	luce-browser-css	css_data	to_keyword_math_shift	Build/Libraries/LibWeb/CSS/Enums.h:1008	stub
Web::CSS::to_keyword	luce-browser-css	css_data	to_keyword_math_style	Build/Libraries/LibWeb/CSS/Enums.h:1016	stub
Web::CSS::to_keyword	luce-browser-css	css_data	to_keyword_mix_blend_mode	Build/Libraries/LibWeb/CSS/Enums.h:1040	stub
Web::CSS::to_keyword	luce-browser-css	css_data	to_keyword_numeric_figure_value	Build/Libraries/LibWeb/CSS/Enums.h:1048	stub
Web::CSS::to_keyword	luce-browser-css	css_data	to_keyword_numeric_fraction_value	Build/Libraries/LibWeb/CSS/Enums.h:1056	stub
Web::CSS::to_keyword	luce-browser-css	css_data	to_keyword_numeric_spacing_value	Build/Libraries/LibWeb/CSS/Enums.h:1064	stub
Web::CSS::to_keyword	luce-browser-css	css_data	to_keyword_object_fit	Build/Libraries/LibWeb/CSS/Enums.h:1075	stub
Web::CSS::to_keyword	luce-browser-css	css_data	to_keyword_outline_style	Build/Libraries/LibWeb/CSS/Enums.h:1091	stub
Web::CSS::to_keyword	luce-browser-css	css_data	to_keyword_overflow	Build/Libraries/LibWeb/CSS/Enums.h:1102	stub
Web::CSS::to_keyword	luce-browser-css	css_data	to_keyword_page_size	Build/Libraries/LibWeb/CSS/Enums.h:1118	stub
Web::CSS::to_keyword	luce-browser-css	css_data	to_keyword_paint_order	Build/Libraries/LibWeb/CSS/Enums.h:1127	stub
Web::CSS::to_keyword	luce-browser-css	css_data	to_keyword_pointer_events	Build/Libraries/LibWeb/CSS/Enums.h:1136	stub
Web::CSS::to_keyword	luce-browser-css	css_data	to_keyword_polar_color_space	Build/Libraries/LibWeb/CSS/Enums.h:1146	stub
Web::CSS::to_keyword	luce-browser-css	css_data	to_keyword_position_area	Build/Libraries/LibWeb/CSS/Enums.h:1202	stub
Web::CSS::to_keyword	luce-browser-css	css_data	to_keyword_position_edge	Build/Libraries/LibWeb/CSS/Enums.h:1213	stub
Web::CSS::to_keyword	luce-browser-css	css_data	to_keyword_positioning	Build/Libraries/LibWeb/CSS/Enums.h:1224	stub
Web::CSS::to_keyword	luce-browser-css	css_data	to_keyword_radial_extent	Build/Libraries/LibWeb/CSS/Enums.h:1234	stub
Web::CSS::to_keyword	luce-browser-css	css_data	to_keyword_rectangular_color_space	Build/Libraries/LibWeb/CSS/Enums.h:1252	stub
Web::CSS::to_keyword	luce-browser-css	css_data	to_keyword_referrer_policy_modifier_value	Build/Libraries/LibWeb/CSS/Enums.h:1266	stub
Web::CSS::to_keyword	luce-browser-css	css_data	to_keyword_relative_size	Build/Libraries/LibWeb/CSS/Enums.h:1274	stub
Web::CSS::to_keyword	luce-browser-css	css_data	to_keyword_repetition	Build/Libraries/LibWeb/CSS/Enums.h:1284	stub
Web::CSS::to_keyword	luce-browser-css	css_data	to_keyword_resize	Build/Libraries/LibWeb/CSS/Enums.h:1296	stub
Web::CSS::to_keyword	luce-browser-css	css_data	to_keyword_rounding_strategy	Build/Libraries/LibWeb/CSS/Enums.h:1306	stub
Web::CSS::to_keyword	luce-browser-css	css_data	to_keyword_scrollbar_gutter	Build/Libraries/LibWeb/CSS/Enums.h:1315	stub
Web::CSS::to_keyword	luce-browser-css	css_data	to_keyword_scrollbar_width	Build/Libraries/LibWeb/CSS/Enums.h:1324	stub
Web::CSS::to_keyword	luce-browser-css	css_data	to_keyword_scroller	Build/Libraries/LibWeb/CSS/Enums.h:1333	stub
Web::CSS::to_keyword	luce-browser-css	css_data	to_keyword_shape_box	Build/Libraries/LibWeb/CSS/Enums.h:1343	stub
Web::CSS::to_keyword	luce-browser-css	css_data	to_keyword_shape_rendering	Build/Libraries/LibWeb/CSS/Enums.h:1353	stub
Web::CSS::to_keyword	luce-browser-css	css_data	to_keyword_step_position	Build/Libraries/LibWeb/CSS/Enums.h:1365	stub
Web::CSS::to_keyword	luce-browser-css	css_data	to_keyword_stroke_linecap	Build/Libraries/LibWeb/CSS/Enums.h:1374	stub
Web::CSS::to_keyword	luce-browser-css	css_data	to_keyword_stroke_linejoin	Build/Libraries/LibWeb/CSS/Enums.h:1383	stub
Web::CSS::to_keyword	luce-browser-css	css_data	to_keyword_symbols_type	Build/Libraries/LibWeb/CSS/Enums.h:1394	stub
Web::CSS::to_keyword	luce-browser-css	css_data	to_keyword_table_layout	Build/Libraries/LibWeb/CSS/Enums.h:1402	stub
Web::CSS::to_keyword	luce-browser-css	css_data	to_keyword_text_align	Build/Libraries/LibWeb/CSS/Enums.h:1419	stub
Web::CSS::to_keyword	luce-browser-css	css_data	to_keyword_text_anchor	Build/Libraries/LibWeb/CSS/Enums.h:1428	stub
Web::CSS::to_keyword	luce-browser-css	css_data	to_keyword_text_decoration_line	Build/Libraries/LibWeb/CSS/Enums.h:1441	stub
Web::CSS::to_keyword	luce-browser-css	css_data	to_keyword_text_decoration_skip_ink	Build/Libraries/LibWeb/CSS/Enums.h:1450	stub
Web::CSS::to_keyword	luce-browser-css	css_data	to_keyword_text_decoration_style	Build/Libraries/LibWeb/CSS/Enums.h:1461	stub
Web::CSS::to_keyword	luce-browser-css	css_data	to_keyword_text_justify	Build/Libraries/LibWeb/CSS/Enums.h:1471	stub
Web::CSS::to_keyword	luce-browser-css	css_data	to_keyword_text_overflow	Build/Libraries/LibWeb/CSS/Enums.h:1479	stub
Web::CSS::to_keyword	luce-browser-css	css_data	to_keyword_text_rendering	Build/Libraries/LibWeb/CSS/Enums.h:1489	stub
Web::CSS::to_keyword	luce-browser-css	css_data	to_keyword_text_transform	Build/Libraries/LibWeb/CSS/Enums.h:1502	stub
Web::CSS::to_keyword	luce-browser-css	css_data	to_keyword_text_underline_position_horizo	Build/Libraries/LibWeb/CSS/Enums.h:1511	stub
Web::CSS::to_keyword	luce-browser-css	css_data	to_keyword_text_underline_position_vertic	Build/Libraries/LibWeb/CSS/Enums.h:1520	stub
Web::CSS::to_keyword	luce-browser-css	css_data	to_keyword_text_wrap_mode	Build/Libraries/LibWeb/CSS/Enums.h:1528	stub
Web::CSS::to_keyword	luce-browser-css	css_data	to_keyword_text_wrap_style	Build/Libraries/LibWeb/CSS/Enums.h:1538	stub
Web::CSS::to_keyword	luce-browser-css	css_data	to_keyword_touch_action	Build/Libraries/LibWeb/CSS/Enums.h:1553	stub
Web::CSS::to_keyword	luce-browser-css	css_data	to_keyword_transform_box	Build/Libraries/LibWeb/CSS/Enums.h:1564	stub
Web::CSS::to_keyword	luce-browser-css	css_data	to_keyword_transform_style	Build/Libraries/LibWeb/CSS/Enums.h:1572	stub
Web::CSS::to_keyword	luce-browser-css	css_data	to_keyword_transition_behavior	Build/Libraries/LibWeb/CSS/Enums.h:1580	stub
Web::CSS::to_keyword	luce-browser-css	css_data	to_keyword_try_order	Build/Libraries/LibWeb/CSS/Enums.h:1590	stub
Web::CSS::to_keyword	luce-browser-css	css_data	to_keyword_try_tactic	Build/Libraries/LibWeb/CSS/Enums.h:1599	stub
Web::CSS::to_keyword	luce-browser-css	css_data	to_keyword_unicode_bidi	Build/Libraries/LibWeb/CSS/Enums.h:1611	stub
Web::CSS::to_keyword	luce-browser-css	css_data	to_keyword_user_select	Build/Libraries/LibWeb/CSS/Enums.h:1622	stub
Web::CSS::to_keyword	luce-browser-css	css_data	to_keyword_vertical_align	Build/Libraries/LibWeb/CSS/Enums.h:1636	stub
Web::CSS::to_keyword	luce-browser-css	css_data	to_keyword_visibility	Build/Libraries/LibWeb/CSS/Enums.h:1645	stub
Web::CSS::to_keyword	luce-browser-css	css_data	to_keyword_white_space	Build/Libraries/LibWeb/CSS/Enums.h:1655	stub
Web::CSS::to_keyword	luce-browser-css	css_data	to_keyword_white_space_collapse	Build/Libraries/LibWeb/CSS/Enums.h:1667	stub
Web::CSS::to_keyword	luce-browser-css	css_data	to_keyword_word_break	Build/Libraries/LibWeb/CSS/Enums.h:1677	stub
Web::CSS::to_keyword	luce-browser-css	css_data	to_keyword_writing_mode	Build/Libraries/LibWeb/CSS/Enums.h:1688	stub
Web::CSS::to_string	luce-browser-css	css_data	to_string_absolute_size	Build/Libraries/LibWeb/CSS/Enums.h:20	stub
Web::CSS::to_string	luce-browser-css	css_data	to_string_align_content	Build/Libraries/LibWeb/CSS/Enums.h:36	stub
Web::CSS::to_string	luce-browser-css	css_data	to_string_align_items	Build/Libraries/LibWeb/CSS/Enums.h:54	stub
Web::CSS::to_string	luce-browser-css	css_data	to_string_align_self	Build/Libraries/LibWeb/CSS/Enums.h:73	stub
Web::CSS::to_string	luce-browser-css	css_data	to_string_anchor_side	Build/Libraries/LibWeb/CSS/Enums.h:90	stub
Web::CSS::to_string	luce-browser-css	css_data	to_string_anchor_size	Build/Libraries/LibWeb/CSS/Enums.h:102	stub
Web::CSS::to_string	luce-browser-css	css_data	to_string_angle_unit	Build/Libraries/LibWeb/CSS/Units.h:29	stub
Web::CSS::to_string	luce-browser-css	css_data	to_string_animation_composition	Build/Libraries/LibWeb/CSS/Enums.h:111	stub
Web::CSS::to_string	luce-browser-css	css_data	to_string_animation_direction	Build/Libraries/LibWeb/CSS/Enums.h:121	stub
Web::CSS::to_string	luce-browser-css	css_data	to_string_animation_fill_mode	Build/Libraries/LibWeb/CSS/Enums.h:131	stub
Web::CSS::to_string	luce-browser-css	css_data	to_string_animation_play_state	Build/Libraries/LibWeb/CSS/Enums.h:139	stub
Web::CSS::to_string	luce-browser-css	css_data	to_string_appearance	Build/Libraries/LibWeb/CSS/Enums.h:161	stub
Web::CSS::to_string	luce-browser-css	css_data	to_string_at_rule_id	Build/Libraries/LibWeb/CSS/DescriptorID.h:20	stub
Web::CSS::to_string	luce-browser-css	css_data	to_string_axis	Build/Libraries/LibWeb/CSS/Enums.h:171	stub
Web::CSS::to_string	luce-browser-css	css_data	to_string_background_attachment	Build/Libraries/LibWeb/CSS/Enums.h:180	stub
Web::CSS::to_string	luce-browser-css	css_data	to_string_background_box	Build/Libraries/LibWeb/CSS/Enums.h:190	stub
Web::CSS::to_string	luce-browser-css	css_data	to_string_baseline_metric	Build/Libraries/LibWeb/CSS/Enums.h:204	stub
Web::CSS::to_string	luce-browser-css	css_data	to_string_border_collapse	Build/Libraries/LibWeb/CSS/Enums.h:212	stub
Web::CSS::to_string	luce-browser-css	css_data	to_string_border_image_repeat	Build/Libraries/LibWeb/CSS/Enums.h:222	stub
Web::CSS::to_string	luce-browser-css	css_data	to_string_box_sizing	Build/Libraries/LibWeb/CSS/Enums.h:230	stub
Web::CSS::to_string	luce-browser-css	css_data	to_string_caption_side	Build/Libraries/LibWeb/CSS/Enums.h:238	stub
Web::CSS::to_string	luce-browser-css	css_data	to_string_clear	Build/Libraries/LibWeb/CSS/Enums.h:250	stub
Web::CSS::to_string	luce-browser-css	css_data	to_string_color_interpolation	Build/Libraries/LibWeb/CSS/Enums.h:259	stub
Web::CSS::to_string	luce-browser-css	css_data	to_string_column_span	Build/Libraries/LibWeb/CSS/Enums.h:267	stub
Web::CSS::to_string	luce-browser-css	css_data	to_string_common_lig_value	Build/Libraries/LibWeb/CSS/Enums.h:275	stub
Web::CSS::to_string	luce-browser-css	css_data	to_string_compositing_operator	Build/Libraries/LibWeb/CSS/Enums.h:285	stub
Web::CSS::to_string	luce-browser-css	css_data	to_string_contain	Build/Libraries/LibWeb/CSS/Enums.h:299	stub
Web::CSS::to_string	luce-browser-css	css_data	to_string_content_visibility	Build/Libraries/LibWeb/CSS/Enums.h:308	stub
Web::CSS::to_string	luce-browser-css	css_data	to_string_contextual_alt_value	Build/Libraries/LibWeb/CSS/Enums.h:316	stub
Web::CSS::to_string	luce-browser-css	css_data	to_string_coord_box	Build/Libraries/LibWeb/CSS/Enums.h:328	stub
Web::CSS::to_string	luce-browser-css	css_data	to_string_counter_style_name_keyword	Build/Libraries/LibWeb/CSS/Enums.h:522	stub
Web::CSS::to_string	luce-browser-css	css_data	to_string_counter_style_system	Build/Libraries/LibWeb/CSS/Enums.h:533	stub
Web::CSS::to_string	luce-browser-css	css_data	to_string_cross_origin_modifier_value	Build/Libraries/LibWeb/CSS/Enums.h:541	stub
Web::CSS::to_string	luce-browser-css	css_data	to_string_cursor_predefined	Build/Libraries/LibWeb/CSS/Enums.h:583	stub
Web::CSS::to_string	luce-browser-css	css_data	to_string_descriptor_id	Build/Libraries/LibWeb/CSS/DescriptorID.h:65	stub
Web::CSS::to_string	luce-browser-css	css_data	to_string_direction	Build/Libraries/LibWeb/CSS/Enums.h:591	stub
Web::CSS::to_string	luce-browser-css	css_data	to_string_discretionary_lig_value	Build/Libraries/LibWeb/CSS/Enums.h:599	stub
Web::CSS::to_string	luce-browser-css	css_data	to_string_display_box	Build/Libraries/LibWeb/CSS/Enums.h:607	stub
Web::CSS::to_string	luce-browser-css	css_data	to_string_display_inside	Build/Libraries/LibWeb/CSS/Enums.h:620	stub
Web::CSS::to_string	luce-browser-css	css_data	to_string_display_internal	Build/Libraries/LibWeb/CSS/Enums.h:638	stub
Web::CSS::to_string	luce-browser-css	css_data	to_string_display_legacy	Build/Libraries/LibWeb/CSS/Enums.h:648	stub
Web::CSS::to_string	luce-browser-css	css_data	to_string_display_outside	Build/Libraries/LibWeb/CSS/Enums.h:657	stub
Web::CSS::to_string	luce-browser-css	css_data	to_string_easing_keyword	Build/Libraries/LibWeb/CSS/Enums.h:668	stub
Web::CSS::to_string	luce-browser-css	css_data	to_string_east_asian_variant	Build/Libraries/LibWeb/CSS/Enums.h:680	stub
Web::CSS::to_string	luce-browser-css	css_data	to_string_east_asian_width	Build/Libraries/LibWeb/CSS/Enums.h:688	stub
Web::CSS::to_string	luce-browser-css	css_data	to_string_empty_cells	Build/Libraries/LibWeb/CSS/Enums.h:696	stub
Web::CSS::to_string	luce-browser-css	css_data	to_string_environment_variable	Build/Libraries/LibWeb/CSS/EnvironmentVariable.h:30	stub
Web::CSS::to_string	luce-browser-css	css_data	to_string_fill_rule	Build/Libraries/LibWeb/CSS/Enums.h:704	stub
Web::CSS::to_string	luce-browser-css	css_data	to_string_flex_direction	Build/Libraries/LibWeb/CSS/Enums.h:714	stub
Web::CSS::to_string	luce-browser-css	css_data	to_string_flex_unit	Build/Libraries/LibWeb/CSS/Units.h:39	stub
Web::CSS::to_string	luce-browser-css	css_data	to_string_flex_wrap	Build/Libraries/LibWeb/CSS/Enums.h:723	stub
Web::CSS::to_string	luce-browser-css	css_data	to_string_float	Build/Libraries/LibWeb/CSS/Enums.h:734	stub
Web::CSS::to_string	luce-browser-css	css_data	to_string_font_display	Build/Libraries/LibWeb/CSS/Enums.h:745	stub
Web::CSS::to_string	luce-browser-css	css_data	to_string_font_kerning	Build/Libraries/LibWeb/CSS/Enums.h:754	stub
Web::CSS::to_string	luce-browser-css	css_data	to_string_font_optical_sizing	Build/Libraries/LibWeb/CSS/Enums.h:762	stub
Web::CSS::to_string	luce-browser-css	css_data	to_string_font_style_keyword	Build/Libraries/LibWeb/CSS/Enums.h:773	stub
Web::CSS::to_string	luce-browser-css	css_data	to_string_font_tech	Build/Libraries/LibWeb/CSS/Enums.h:791	stub
Web::CSS::to_string	luce-browser-css	css_data	to_string_font_variant_caps	Build/Libraries/LibWeb/CSS/Enums.h:804	stub
Web::CSS::to_string	luce-browser-css	css_data	to_string_font_variant_emoji	Build/Libraries/LibWeb/CSS/Enums.h:814	stub
Web::CSS::to_string	luce-browser-css	css_data	to_string_font_variant_position	Build/Libraries/LibWeb/CSS/Enums.h:823	stub
Web::CSS::to_string	luce-browser-css	css_data	to_string_font_width	Build/Libraries/LibWeb/CSS/Enums.h:838	stub
Web::CSS::to_string	luce-browser-css	css_data	to_string_frequency_unit	Build/Libraries/LibWeb/CSS/Units.h:50	stub
Web::CSS::to_string	luce-browser-css	css_data	to_string_generic_font_family	Build/Libraries/LibWeb/CSS/Enums.h:854	stub
Web::CSS::to_string	luce-browser-css	css_data	to_string_historical_lig_value	Build/Libraries/LibWeb/CSS/Enums.h:862	stub
Web::CSS::to_string	luce-browser-css	css_data	to_string_hue_interpolation_method	Build/Libraries/LibWeb/CSS/Enums.h:872	stub
Web::CSS::to_string	luce-browser-css	css_data	to_string_image_rendering	Build/Libraries/LibWeb/CSS/Enums.h:883	stub
Web::CSS::to_string	luce-browser-css	css_data	to_string_isolation	Build/Libraries/LibWeb/CSS/Enums.h:891	stub
Web::CSS::to_string	luce-browser-css	css_data	to_string_justify_content	Build/Libraries/LibWeb/CSS/Enums.h:909	stub
Web::CSS::to_string	luce-browser-css	css_data	to_string_justify_items	Build/Libraries/LibWeb/CSS/Enums.h:930	stub
Web::CSS::to_string	luce-browser-css	css_data	to_string_justify_self	Build/Libraries/LibWeb/CSS/Enums.h:951	stub
Web::CSS::to_string	luce-browser-css	css_data	to_string_length_unit	Build/Libraries/LibWeb/CSS/Units.h:102	stub
Web::CSS::to_string	luce-browser-css	css_data	to_string_line_style	Build/Libraries/LibWeb/CSS/Enums.h:967	stub
Web::CSS::to_string	luce-browser-css	css_data	to_string_line_width	Build/Libraries/LibWeb/CSS/Enums.h:976	stub
Web::CSS::to_string	luce-browser-css	css_data	to_string_list_style_position	Build/Libraries/LibWeb/CSS/Enums.h:984	stub
Web::CSS::to_string	luce-browser-css	css_data	to_string_mask_type	Build/Libraries/LibWeb/CSS/Enums.h:992	stub
Web::CSS::to_string	luce-browser-css	css_data	to_string_masking_mode	Build/Libraries/LibWeb/CSS/Enums.h:1001	stub
Web::CSS::to_string	luce-browser-css	css_data	to_string_math_shift	Build/Libraries/LibWeb/CSS/Enums.h:1009	stub
Web::CSS::to_string	luce-browser-css	css_data	to_string_math_style	Build/Libraries/LibWeb/CSS/Enums.h:1017	stub
Web::CSS::to_string	luce-browser-css	css_data	to_string_mix_blend_mode	Build/Libraries/LibWeb/CSS/Enums.h:1041	stub
Web::CSS::to_string	luce-browser-css	css_data	to_string_numeric_figure_value	Build/Libraries/LibWeb/CSS/Enums.h:1049	stub
Web::CSS::to_string	luce-browser-css	css_data	to_string_numeric_fraction_value	Build/Libraries/LibWeb/CSS/Enums.h:1057	stub
Web::CSS::to_string	luce-browser-css	css_data	to_string_numeric_spacing_value	Build/Libraries/LibWeb/CSS/Enums.h:1065	stub
Web::CSS::to_string	luce-browser-css	css_data	to_string_object_fit	Build/Libraries/LibWeb/CSS/Enums.h:1076	stub
Web::CSS::to_string	luce-browser-css	css_data	to_string_outline_style	Build/Libraries/LibWeb/CSS/Enums.h:1092	stub
Web::CSS::to_string	luce-browser-css	css_data	to_string_overflow	Build/Libraries/LibWeb/CSS/Enums.h:1103	stub
Web::CSS::to_string	luce-browser-css	css_data	to_string_page_size	Build/Libraries/LibWeb/CSS/Enums.h:1119	stub
Web::CSS::to_string	luce-browser-css	css_data	to_string_paint_order	Build/Libraries/LibWeb/CSS/Enums.h:1128	stub
Web::CSS::to_string	luce-browser-css	css_data	to_string_pointer_events	Build/Libraries/LibWeb/CSS/Enums.h:1137	stub
Web::CSS::to_string	luce-browser-css	css_data	to_string_polar_color_space	Build/Libraries/LibWeb/CSS/Enums.h:1147	stub
Web::CSS::to_string	luce-browser-css	css_data	to_string_position_area	Build/Libraries/LibWeb/CSS/Enums.h:1203	stub
Web::CSS::to_string	luce-browser-css	css_data	to_string_position_edge	Build/Libraries/LibWeb/CSS/Enums.h:1214	stub
Web::CSS::to_string	luce-browser-css	css_data	to_string_positioning	Build/Libraries/LibWeb/CSS/Enums.h:1225	stub
Web::CSS::to_string	luce-browser-css	css_data	to_string_radial_extent	Build/Libraries/LibWeb/CSS/Enums.h:1235	stub
Web::CSS::to_string	luce-browser-css	css_data	to_string_rectangular_color_space	Build/Libraries/LibWeb/CSS/Enums.h:1253	stub
Web::CSS::to_string	luce-browser-css	css_data	to_string_referrer_policy_modifier_value	Build/Libraries/LibWeb/CSS/Enums.h:1267	stub
Web::CSS::to_string	luce-browser-css	css_data	to_string_relative_size	Build/Libraries/LibWeb/CSS/Enums.h:1275	stub
Web::CSS::to_string	luce-browser-css	css_data	to_string_repetition	Build/Libraries/LibWeb/CSS/Enums.h:1285	stub
Web::CSS::to_string	luce-browser-css	css_data	to_string_resize	Build/Libraries/LibWeb/CSS/Enums.h:1297	stub
Web::CSS::to_string	luce-browser-css	css_data	to_string_resolution_unit	Build/Libraries/LibWeb/CSS/Units.h:115	stub
Web::CSS::to_string	luce-browser-css	css_data	to_string_rounding_strategy	Build/Libraries/LibWeb/CSS/Enums.h:1307	stub
Web::CSS::to_string	luce-browser-css	css_data	to_string_scrollbar_gutter	Build/Libraries/LibWeb/CSS/Enums.h:1316	stub
Web::CSS::to_string	luce-browser-css	css_data	to_string_scrollbar_width	Build/Libraries/LibWeb/CSS/Enums.h:1325	stub
Web::CSS::to_string	luce-browser-css	css_data	to_string_scroller	Build/Libraries/LibWeb/CSS/Enums.h:1334	stub
Web::CSS::to_string	luce-browser-css	css_data	to_string_shape_box	Build/Libraries/LibWeb/CSS/Enums.h:1344	stub
Web::CSS::to_string	luce-browser-css	css_data	to_string_shape_rendering	Build/Libraries/LibWeb/CSS/Enums.h:1354	stub
Web::CSS::to_string	luce-browser-css	css_data	to_string_step_position	Build/Libraries/LibWeb/CSS/Enums.h:1366	stub
Web::CSS::to_string	luce-browser-css	css_data	to_string_stroke_linecap	Build/Libraries/LibWeb/CSS/Enums.h:1375	stub
Web::CSS::to_string	luce-browser-css	css_data	to_string_stroke_linejoin	Build/Libraries/LibWeb/CSS/Enums.h:1384	stub
Web::CSS::to_string	luce-browser-css	css_data	to_string_symbols_type	Build/Libraries/LibWeb/CSS/Enums.h:1395	stub
Web::CSS::to_string	luce-browser-css	css_data	to_string_table_layout	Build/Libraries/LibWeb/CSS/Enums.h:1403	stub
Web::CSS::to_string	luce-browser-css	css_data	to_string_text_align	Build/Libraries/LibWeb/CSS/Enums.h:1420	stub
Web::CSS::to_string	luce-browser-css	css_data	to_string_text_anchor	Build/Libraries/LibWeb/CSS/Enums.h:1429	stub
Web::CSS::to_string	luce-browser-css	css_data	to_string_text_decoration_line	Build/Libraries/LibWeb/CSS/Enums.h:1442	stub
Web::CSS::to_string	luce-browser-css	css_data	to_string_text_decoration_skip_ink	Build/Libraries/LibWeb/CSS/Enums.h:1451	stub
Web::CSS::to_string	luce-browser-css	css_data	to_string_text_decoration_style	Build/Libraries/LibWeb/CSS/Enums.h:1462	stub
Web::CSS::to_string	luce-browser-css	css_data	to_string_text_justify	Build/Libraries/LibWeb/CSS/Enums.h:1472	stub
Web::CSS::to_string	luce-browser-css	css_data	to_string_text_overflow	Build/Libraries/LibWeb/CSS/Enums.h:1480	stub
Web::CSS::to_string	luce-browser-css	css_data	to_string_text_rendering	Build/Libraries/LibWeb/CSS/Enums.h:1490	stub
Web::CSS::to_string	luce-browser-css	css_data	to_string_text_transform	Build/Libraries/LibWeb/CSS/Enums.h:1503	stub
Web::CSS::to_string	luce-browser-css	css_data	to_string_text_underline_position_horizo	Build/Libraries/LibWeb/CSS/Enums.h:1512	stub
Web::CSS::to_string	luce-browser-css	css_data	to_string_text_underline_position_vertic	Build/Libraries/LibWeb/CSS/Enums.h:1521	stub
Web::CSS::to_string	luce-browser-css	css_data	to_string_text_wrap_mode	Build/Libraries/LibWeb/CSS/Enums.h:1529	stub
Web::CSS::to_string	luce-browser-css	css_data	to_string_text_wrap_style	Build/Libraries/LibWeb/CSS/Enums.h:1539	stub
Web::CSS::to_string	luce-browser-css	css_data	to_string_time_unit	Build/Libraries/LibWeb/CSS/Units.h:126	stub
Web::CSS::to_string	luce-browser-css	css_data	to_string_touch_action	Build/Libraries/LibWeb/CSS/Enums.h:1554	stub
Web::CSS::to_string	luce-browser-css	css_data	to_string_transform_box	Build/Libraries/LibWeb/CSS/Enums.h:1565	stub
Web::CSS::to_string	luce-browser-css	css_data	to_string_transform_function	Build/Libraries/LibWeb/CSS/TransformFunctions.h:34	stub
Web::CSS::to_string	luce-browser-css	css_data	to_string_transform_style	Build/Libraries/LibWeb/CSS/Enums.h:1573	stub
Web::CSS::to_string	luce-browser-css	css_data	to_string_transition_behavior	Build/Libraries/LibWeb/CSS/Enums.h:1581	stub
Web::CSS::to_string	luce-browser-css	css_data	to_string_try_order	Build/Libraries/LibWeb/CSS/Enums.h:1591	stub
Web::CSS::to_string	luce-browser-css	css_data	to_string_try_tactic	Build/Libraries/LibWeb/CSS/Enums.h:1600	stub
Web::CSS::to_string	luce-browser-css	css_data	to_string_unicode_bidi	Build/Libraries/LibWeb/CSS/Enums.h:1612	stub
Web::CSS::to_string	luce-browser-css	css_data	to_string_user_select	Build/Libraries/LibWeb/CSS/Enums.h:1623	stub
Web::CSS::to_string	luce-browser-css	css_data	to_string_vertical_align	Build/Libraries/LibWeb/CSS/Enums.h:1637	stub
Web::CSS::to_string	luce-browser-css	css_data	to_string_visibility	Build/Libraries/LibWeb/CSS/Enums.h:1646	stub
Web::CSS::to_string	luce-browser-css	css_data	to_string_white_space	Build/Libraries/LibWeb/CSS/Enums.h:1656	stub
Web::CSS::to_string	luce-browser-css	css_data	to_string_white_space_collapse	Build/Libraries/LibWeb/CSS/Enums.h:1668	stub
Web::CSS::to_string	luce-browser-css	css_data	to_string_word_break	Build/Libraries/LibWeb/CSS/Enums.h:1678	stub
Web::CSS::to_string	luce-browser-css	css_data	to_string_writing_mode	Build/Libraries/LibWeb/CSS/Enums.h:1689	stub
Web::CSS::transform_function_from_string	luce-browser-css	css_data	transform_function_from_string	Build/Libraries/LibWeb/CSS/TransformFunctions.h:33	stub
Web::CSS::transform_function_metadata	luce-browser-css	css_data	transform_function_metadata	Build/Libraries/LibWeb/CSS/TransformFunctions.h:53	stub
Web::CSS::units_are_compatible	luce-browser-css	css_data	units_are_compatible_angle_unit	Build/Libraries/LibWeb/CSS/Units.h:30	stub
Web::CSS::units_are_compatible	luce-browser-css	css_data	units_are_compatible_flex_unit	Build/Libraries/LibWeb/CSS/Units.h:40	stub
Web::CSS::units_are_compatible	luce-browser-css	css_data	units_are_compatible_frequency_unit	Build/Libraries/LibWeb/CSS/Units.h:51	stub
Web::CSS::units_are_compatible	luce-browser-css	css_data	units_are_compatible_length_unit	Build/Libraries/LibWeb/CSS/Units.h:103	stub
Web::CSS::units_are_compatible	luce-browser-css	css_data	units_are_compatible_resolution_unit	Build/Libraries/LibWeb/CSS/Units.h:116	stub
Web::CSS::units_are_compatible	luce-browser-css	css_data	units_are_compatible_time_unit	Build/Libraries/LibWeb/CSS/Units.h:127	stub
